#cache_mem:irm    0x80000000          line=0,valid={0,0},age={0,0},id={0x000000,0x000000}
0x80000000:jal    zero,0x00050        pc=0x800000a0,zero=0x80000004
#cache_mem:irm    0x800000a0          line=2,valid={0,0},age={0,0},id={0x000000,0x000000}
0x800000a0:auipc  sp,0x00008          sp=0x800000a0+0x00008000=0x800080a0
#cache_mem:irh    0x800000a4          line=2,age=0,id=0x1000001,block[0]={0x00008117,0xf6010113,0xf99ff0ef,0x131000ef}
0x800000a4:addi   sp,sp,0xf60         sp=0x800080a0+0xffffff60=0x80008000
#cache_mem:irh    0x800000a8          line=2,age=0,id=0x1000001,block[0]={0x00008117,0xf6010113,0xf99ff0ef,0x131000ef}
0x800000a8:jal    ra,0xfffcc          pc=0x80000040,ra=0x800000ac
#cache_mem:irm    0x80000040          line=4,valid={0,0},age={0,0},id={0x000000,0x000000}
0x80000040:auipc  a0,0x00002          a0=0x80000040+0x00002000=0x80002040
#cache_mem:irh    0x80000044          line=4,age=0,id=0x1000000,block[0]={0x00002517,0x82c50513,0x00002597,0x82458593}
0x80000044:addi   a0,a0,0x82c         a0=0x80002040+0xfffff82c=0x8000186c
#cache_mem:irh    0x80000048          line=4,age=0,id=0x1000000,block[0]={0x00002517,0x82c50513,0x00002597,0x82458593}
0x80000048:auipc  a1,0x00002          a1=0x80000048+0x00002000=0x80002048
#cache_mem:irh    0x8000004c          line=4,age=0,id=0x1000000,block[0]={0x00002517,0x82c50513,0x00002597,0x82458593}
0x8000004c:addi   a1,a1,0x824         a1=0x80002048+0xfffff824=0x8000186c
#cache_mem:irm    0x80000050          line=5,valid={0,0},age={0,0},id={0x000000,0x000000}
#cache_mem:dwm    0x8000186c          line=6,valid={0,0},age={0,0},id={0x000000,0x000000}
0x80000050:sw     zero,0x000(a0)      mem[0x8000186c]=0x00000000
#cache_mem:irh    0x80000054          line=5,age=0,id=0x1000000,block[0]={0x00052023,0x00450513,0xfeb54ce3,0x00008067}
0x80000054:addi   a0,a0,0x004         a0=0x8000186c+0x00000004=0x80001870
#cache_mem:irh    0x80000058          line=5,age=0,id=0x1000000,block[0]={0x00052023,0x00450513,0xfeb54ce3,0x00008067}
0x80000058:blt    a0,a1,0xffc         (0x80001870<0x8000186c)=0->pc=0x8000005c
#cache_mem:irh    0x8000005c          line=5,age=0,id=0x1000000,block[0]={0x00052023,0x00450513,0xfeb54ce3,0x00008067}
0x8000005c:jalr   zero,ra,0x000       pc=0x800000ac+0x00000000,zero=0x80000060
#cache_mem:irh    0x800000ac          line=2,age=0,id=0x1000001,block[0]={0x00008117,0xf6010113,0xf99ff0ef,0x131000ef}
0x800000ac:jal    ra,0x00498          pc=0x800009dc,ra=0x800000b0
#cache_mem:irm    0x800009dc          line=5,valid={1,0},age={2,0},id={0x1000000,0x000000}
0x800009dc:addi   sp,sp,0xff0         sp=0x80008000+0xfffffff0=0x80007ff0
#cache_mem:irm    0x800009e0          line=6,valid={0,0},age={0,0},id={0x000000,0x000000}
#cache_mem:dwm    0x80007ff0          line=7,valid={0,0},age={0,0},id={0x000000,0x000000}
0x800009e0:sw     ra,0x000(sp)        mem[0x80007ff0]=0x800000b0
#cache_mem:irh    0x800009e4          line=6,age=0,id=0x1000013,block[0]={0x00112023,0x02000193,0x835ff0ef,0x911ff0ef}
0x800009e4:addi   gp,zero,0x020       gp=0x00000000+0x00000020=0x00000020
#cache_mem:irh    0x800009e8          line=6,age=0,id=0x1000013,block[0]={0x00112023,0x02000193,0x835ff0ef,0x911ff0ef}
0x800009e8:jal    ra,0xffc1a          pc=0x8000021c,ra=0x800009ec
#cache_mem:irm    0x8000021c          line=1,valid={0,0},age={0,0},id={0x000000,0x000000}
0x8000021c:lui    tp,0x10101          tp=0x10101000
#cache_mem:irm    0x80000220          line=2,valid={1,0},age={6,0},id={0x1000001,0x000000}
0x80000220:addi   tp,tp,0x010         tp=0x10101000+0x00000010=0x10101010
#cache_mem:irh    0x80000224          line=2,age=0,id=0x1000004,block[1]={0x01020213,0xa0a0a537,0x0a050513,0xa1a1a5b7}
0x80000224:lui    a0,0xa0a0a          a0=0xa0a0a000
#cache_mem:irh    0x80000228          line=2,age=0,id=0x1000004,block[1]={0x01020213,0xa0a0a537,0x0a050513,0xa1a1a5b7}
0x80000228:addi   a0,a0,0x0a0         a0=0xa0a0a000+0x000000a0=0xa0a0a0a0
#cache_mem:irh    0x8000022c          line=2,age=0,id=0x1000004,block[1]={0x01020213,0xa0a0a537,0x0a050513,0xa1a1a5b7}
0x8000022c:lui    a1,0xa1a1a          a1=0xa1a1a000
#cache_mem:irm    0x80000230          line=3,valid={0,0},age={0,0},id={0x000000,0x000000}
0x80000230:addi   a1,a1,0x1a1         a1=0xa1a1a000+0x000001a1=0xa1a1a1a1
#cache_mem:irh    0x80000234          line=3,age=0,id=0x1000004,block[0]={0x1a158593,0xa2a2a637,0x2a260613,0xa3a3a6b7}
0x80000234:lui    a2,0xa2a2a          a2=0xa2a2a000
#cache_mem:irh    0x80000238          line=3,age=0,id=0x1000004,block[0]={0x1a158593,0xa2a2a637,0x2a260613,0xa3a3a6b7}
0x80000238:addi   a2,a2,0x2a2         a2=0xa2a2a000+0x000002a2=0xa2a2a2a2
#cache_mem:irh    0x8000023c          line=3,age=0,id=0x1000004,block[0]={0x1a158593,0xa2a2a637,0x2a260613,0xa3a3a6b7}
0x8000023c:lui    a3,0xa3a3a          a3=0xa3a3a000
#cache_mem:irm    0x80000240          line=4,valid={1,0},age={19,0},id={0x1000000,0x000000}
0x80000240:addi   a3,a3,0x3a3         a3=0xa3a3a000+0x000003a3=0xa3a3a3a3
#cache_mem:irh    0x80000244          line=4,age=0,id=0x1000004,block[1]={0x3a368693,0xa4a4a737,0x4a470713,0xa5a5a7b7}
0x80000244:lui    a4,0xa4a4a          a4=0xa4a4a000
#cache_mem:irh    0x80000248          line=4,age=0,id=0x1000004,block[1]={0x3a368693,0xa4a4a737,0x4a470713,0xa5a5a7b7}
0x80000248:addi   a4,a4,0x4a4         a4=0xa4a4a000+0x000004a4=0xa4a4a4a4
#cache_mem:irh    0x8000024c          line=4,age=0,id=0x1000004,block[1]={0x3a368693,0xa4a4a737,0x4a470713,0xa5a5a7b7}
0x8000024c:lui    a5,0xa5a5a          a5=0xa5a5a000
#cache_mem:irm    0x80000250          line=5,valid={1,1},age={19,17},id={0x1000000,0x1000013}
0x80000250:addi   a5,a5,0x5a5         a5=0xa5a5a000+0x000005a5=0xa5a5a5a5
#cache_mem:irh    0x80000254          line=5,age=0,id=0x1000004,block[0]={0x5a578793,0xa6a6a837,0x6a680813,0xa7a7a8b7}
0x80000254:lui    a6,0xa6a6a          a6=0xa6a6a000
#cache_mem:irh    0x80000258          line=5,age=0,id=0x1000004,block[0]={0x5a578793,0xa6a6a837,0x6a680813,0xa7a7a8b7}
0x80000258:addi   a6,a6,0x6a6         a6=0xa6a6a000+0x000006a6=0xa6a6a6a6
#cache_mem:irh    0x8000025c          line=5,age=0,id=0x1000004,block[0]={0x5a578793,0xa6a6a837,0x6a680813,0xa7a7a8b7}
0x8000025c:lui    a7,0xa7a7a          a7=0xa7a7a000
#cache_mem:irm    0x80000260          line=6,valid={1,0},age={18,0},id={0x1000013,0x000000}
0x80000260:addi   a7,a7,0x7a7         a7=0xa7a7a000+0x000007a7=0xa7a7a7a7
#cache_mem:irh    0x80000264          line=6,age=0,id=0x1000004,block[1]={0x7a788893,0x202022b7,0x02028293,0x21212337}
0x80000264:lui    t0,0x20202          t0=0x20202000
#cache_mem:irh    0x80000268          line=6,age=0,id=0x1000004,block[1]={0x7a788893,0x202022b7,0x02028293,0x21212337}
0x80000268:addi   t0,t0,0x020         t0=0x20202000+0x00000020=0x20202020
#cache_mem:irh    0x8000026c          line=6,age=0,id=0x1000004,block[1]={0x7a788893,0x202022b7,0x02028293,0x21212337}
0x8000026c:lui    t1,0x21212          t1=0x21212000
#cache_mem:irm    0x80000270          line=7,valid={0,0},age={0,0},id={0x000000,0x000000}
0x80000270:addi   t1,t1,0x121         t1=0x21212000+0x00000121=0x21212121
#cache_mem:irh    0x80000274          line=7,age=0,id=0x1000004,block[0]={0x12130313,0x222223b7,0x22238393,0x23232e37}
0x80000274:lui    t2,0x22222          t2=0x22222000
#cache_mem:irh    0x80000278          line=7,age=0,id=0x1000004,block[0]={0x12130313,0x222223b7,0x22238393,0x23232e37}
0x80000278:addi   t2,t2,0x222         t2=0x22222000+0x00000222=0x22222222
#cache_mem:irh    0x8000027c          line=7,age=0,id=0x1000004,block[0]={0x12130313,0x222223b7,0x22238393,0x23232e37}
0x8000027c:lui    t3,0x23232          t3=0x23232000
#cache_mem:irm    0x80000280          line=0,valid={1,0},age={42,0},id={0x1000000,0x000000}
0x80000280:addi   t3,t3,0x323         t3=0x23232000+0x00000323=0x23232323
#cache_mem:irh    0x80000284          line=0,age=0,id=0x1000005,block[1]={0x323e0e13,0x24242eb7,0x424e8e93,0x25252f37}
0x80000284:lui    t4,0x24242          t4=0x24242000
#cache_mem:irh    0x80000288          line=0,age=0,id=0x1000005,block[1]={0x323e0e13,0x24242eb7,0x424e8e93,0x25252f37}
0x80000288:addi   t4,t4,0x424         t4=0x24242000+0x00000424=0x24242424
#cache_mem:irh    0x8000028c          line=0,age=0,id=0x1000005,block[1]={0x323e0e13,0x24242eb7,0x424e8e93,0x25252f37}
0x8000028c:lui    t5,0x25252          t5=0x25252000
#cache_mem:irm    0x80000290          line=1,valid={1,0},age={29,0},id={0x1000004,0x000000}
0x80000290:addi   t5,t5,0x525         t5=0x25252000+0x00000525=0x25252525
#cache_mem:irh    0x80000294          line=1,age=0,id=0x1000005,block[1]={0x525f0f13,0x26262fb7,0x626f8f93,0x44444437}
0x80000294:lui    t6,0x26262          t6=0x26262000
#cache_mem:irh    0x80000298          line=1,age=0,id=0x1000005,block[1]={0x525f0f13,0x26262fb7,0x626f8f93,0x44444437}
0x80000298:addi   t6,t6,0x626         t6=0x26262000+0x00000626=0x26262626
#cache_mem:irh    0x8000029c          line=1,age=0,id=0x1000005,block[1]={0x525f0f13,0x26262fb7,0x626f8f93,0x44444437}
0x8000029c:lui    s0,0x44444          s0=0x44444000
#cache_mem:irm    0x800002a0          line=2,valid={1,1},age={38,29},id={0x1000001,0x1000004}
0x800002a0:addi   s0,s0,0x444         s0=0x44444000+0x00000444=0x44444444
#cache_mem:irh    0x800002a4          line=2,age=0,id=0x1000005,block[0]={0x44440413,0x555554b7,0x55548493,0x66666937}
0x800002a4:lui    s1,0x55555          s1=0x55555000
#cache_mem:irh    0x800002a8          line=2,age=0,id=0x1000005,block[0]={0x44440413,0x555554b7,0x55548493,0x66666937}
0x800002a8:addi   s1,s1,0x555         s1=0x55555000+0x00000555=0x55555555
#cache_mem:irh    0x800002ac          line=2,age=0,id=0x1000005,block[0]={0x44440413,0x555554b7,0x55548493,0x66666937}
0x800002ac:lui    s2,0x66666          s2=0x66666000
#cache_mem:irm    0x800002b0          line=3,valid={1,0},age={29,0},id={0x1000004,0x000000}
0x800002b0:addi   s2,s2,0x666         s2=0x66666000+0x00000666=0x66666666
#cache_mem:irh    0x800002b4          line=3,age=0,id=0x1000005,block[1]={0x66690913,0x777779b7,0x77798993,0x88889a37}
0x800002b4:lui    s3,0x77777          s3=0x77777000
#cache_mem:irh    0x800002b8          line=3,age=0,id=0x1000005,block[1]={0x66690913,0x777779b7,0x77798993,0x88889a37}
0x800002b8:addi   s3,s3,0x777         s3=0x77777000+0x00000777=0x77777777
#cache_mem:irh    0x800002bc          line=3,age=0,id=0x1000005,block[1]={0x66690913,0x777779b7,0x77798993,0x88889a37}
0x800002bc:lui    s4,0x88889          s4=0x88889000
#cache_mem:irm    0x800002c0          line=4,valid={1,1},age={51,29},id={0x1000000,0x1000004}
0x800002c0:addi   s4,s4,0x888         s4=0x88889000+0xfffff888=0x88888888
#cache_mem:irh    0x800002c4          line=4,age=0,id=0x1000005,block[0]={0x888a0a13,0x9999aab7,0x999a8a93,0xaaaabb37}
0x800002c4:lui    s5,0x9999a          s5=0x9999a000
#cache_mem:irh    0x800002c8          line=4,age=0,id=0x1000005,block[0]={0x888a0a13,0x9999aab7,0x999a8a93,0xaaaabb37}
0x800002c8:addi   s5,s5,0x999         s5=0x9999a000+0xfffff999=0x99999999
#cache_mem:irh    0x800002cc          line=4,age=0,id=0x1000005,block[0]={0x888a0a13,0x9999aab7,0x999a8a93,0xaaaabb37}
0x800002cc:lui    s6,0xaaaab          s6=0xaaaab000
#cache_mem:irm    0x800002d0          line=5,valid={1,1},age={29,49},id={0x1000004,0x1000013}
0x800002d0:addi   s6,s6,0xaaa         s6=0xaaaab000+0xfffffaaa=0xaaaaaaaa
#cache_mem:irh    0x800002d4          line=5,age=0,id=0x1000005,block[1]={0xaaab0b13,0xbbbbcbb7,0xbbbb8b93,0xccccdc37}
0x800002d4:lui    s7,0xbbbbc          s7=0xbbbbc000
#cache_mem:irh    0x800002d8          line=5,age=0,id=0x1000005,block[1]={0xaaab0b13,0xbbbbcbb7,0xbbbb8b93,0xccccdc37}
0x800002d8:addi   s7,s7,0xbbb         s7=0xbbbbc000+0xfffffbbb=0xbbbbbbbb
#cache_mem:irh    0x800002dc          line=5,age=0,id=0x1000005,block[1]={0xaaab0b13,0xbbbbcbb7,0xbbbb8b93,0xccccdc37}
0x800002dc:lui    s8,0xccccd          s8=0xccccd000
#cache_mem:irm    0x800002e0          line=6,valid={1,1},age={50,29},id={0x1000013,0x1000004}
0x800002e0:addi   s8,s8,0xccc         s8=0xccccd000+0xfffffccc=0xcccccccc
#cache_mem:irh    0x800002e4          line=6,age=0,id=0x1000005,block[0]={0xcccc0c13,0xddddecb7,0xdddc8c93,0xeeeefd37}
0x800002e4:lui    s9,0xdddde          s9=0xdddde000
#cache_mem:irh    0x800002e8          line=6,age=0,id=0x1000005,block[0]={0xcccc0c13,0xddddecb7,0xdddc8c93,0xeeeefd37}
0x800002e8:addi   s9,s9,0xddd         s9=0xdddde000+0xfffffddd=0xdddddddd
#cache_mem:irh    0x800002ec          line=6,age=0,id=0x1000005,block[0]={0xcccc0c13,0xddddecb7,0xdddc8c93,0xeeeefd37}
0x800002ec:lui    s10,0xeeeef         s10=0xeeeef000
#cache_mem:irm    0x800002f0          line=7,valid={1,0},age={29,0},id={0x1000004,0x000000}
0x800002f0:addi   s10,s10,0xeee       s10=0xeeeef000+0xfffffeee=0xeeeeeeee
#cache_mem:irh    0x800002f4          line=7,age=0,id=0x1000005,block[1]={0xeeed0d13,0xfff00d93,0x00008067,0x00110063}
0x800002f4:addi   s11,zero,0xfff      s11=0x00000000+0xffffffff=0xffffffff
#cache_mem:irh    0x800002f8          line=7,age=0,id=0x1000005,block[1]={0xeeed0d13,0xfff00d93,0x00008067,0x00110063}
0x800002f8:jalr   zero,ra,0x000       pc=0x800009ec+0x00000000,zero=0x800002fc
#cache_mem:irm    0x800009ec          line=6,valid={1,1},age={4,36},id={0x1000005,0x1000004}
0x800009ec:jal    ra,0xffc88          pc=0x800002fc,ra=0x800009f0
#cache_mem:irh    0x800002fc          line=7,age=0,id=0x1000005,block[1]={0xeeed0d13,0xfff00d93,0x00008067,0x00110063}
0x800002fc:beq    sp,ra,0x000         (0x80007ff0==0x800009f0)=0->pc=0x80000300
#cache_mem:irm    0x80000300          line=0,valid={1,1},age={75,30},id={0x1000000,0x1000005}
0x80000300:beq    zero,tp,0x000       (0x00000000==0x10101010)=0->pc=0x80000304
#cache_mem:irh    0x80000304          line=0,age=0,id=0x1000006,block[0]={0x00400063,0x01f20063,0x010d8063,0x017b8263}
0x80000304:beq    tp,t6,0x000         (0x10101010==0x26262626)=0->pc=0x80000308
#cache_mem:irh    0x80000308          line=0,age=0,id=0x1000006,block[0]={0x00400063,0x01f20063,0x010d8063,0x017b8263}
0x80000308:beq    s11,a6,0x000        (0xffffffff==0xa6a6a6a6)=0->pc=0x8000030c
#cache_mem:irh    0x8000030c          line=0,age=0,id=0x1000006,block[0]={0x00400063,0x01f20063,0x010d8063,0x017b8263}
0x8000030c:beq    s7,s7,0x002         (0xbbbbbbbb==0xbbbbbbbb)=1->pc=0x80000310
#cache_mem:irm    0x80000310          line=1,valid={1,1},age={62,30},id={0x1000004,0x1000005}
0x80000310:bne    zero,zero,0x000     (0x00000000!=0x00000000)=0->pc=0x80000314
#cache_mem:irh    0x80000314          line=1,age=0,id=0x1000006,block[0]={0x00001063,0x00421063,0x00421063,0x00c61063}
0x80000314:bne    tp,tp,0x000         (0x10101010!=0x10101010)=0->pc=0x80000318
#cache_mem:irh    0x80000318          line=1,age=0,id=0x1000006,block[0]={0x00001063,0x00421063,0x00421063,0x00c61063}
0x80000318:bne    tp,tp,0x000         (0x10101010!=0x10101010)=0->pc=0x8000031c
#cache_mem:irh    0x8000031c          line=1,age=0,id=0x1000006,block[0]={0x00001063,0x00421063,0x00421063,0x00c61063}
0x8000031c:bne    a2,a2,0x000         (0xa2a2a2a2!=0xa2a2a2a2)=0->pc=0x80000320
#cache_mem:irm    0x80000320          line=2,valid={1,1},age={30,62},id={0x1000005,0x1000004}
0x80000320:bne    a5,s10,0x002        (0xa5a5a5a5!=0xeeeeeeee)=1->pc=0x80000324
#cache_mem:irh    0x80000324          line=2,age=0,id=0x1000006,block[1]={0x01a79263,0x01f44063,0x01124063,0x019cc063}
0x80000324:blt    s0,t6,0x000         (0x44444444<0x26262626)=0->pc=0x80000328
#cache_mem:irh    0x80000328          line=2,age=0,id=0x1000006,block[1]={0x01a79263,0x01f44063,0x01124063,0x019cc063}
0x80000328:blt    tp,a7,0x000         (0x10101010<0xa7a7a7a7)=0->pc=0x8000032c
#cache_mem:irh    0x8000032c          line=2,age=0,id=0x1000006,block[1]={0x01a79263,0x01f44063,0x01124063,0x019cc063}
0x8000032c:blt    s9,s9,0x000         (0xdddddddd<0xdddddddd)=0->pc=0x80000330
#cache_mem:irm    0x80000330          line=3,valid={1,1},age={62,30},id={0x1000004,0x1000005}
0x80000330:blt    s11,a0,0x000        (0xffffffff<0xa0a0a0a0)=0->pc=0x80000334
#cache_mem:irh    0x80000334          line=3,age=0,id=0x1000006,block[0]={0x00adc063,0x004a4263,0x006c5063,0x01ee5063}
0x80000334:blt    s4,tp,0x002         (0x88888888<0x10101010)=1->pc=0x80000338
#cache_mem:irh    0x80000338          line=3,age=0,id=0x1000006,block[0]={0x00adc063,0x004a4263,0x006c5063,0x01ee5063}
0x80000338:bge    s8,t1,0x000         (0xcccccccc>=0x21212121)=0->pc=0x8000033c
#cache_mem:irh    0x8000033c          line=3,age=0,id=0x1000006,block[0]={0x00adc063,0x004a4263,0x006c5063,0x01ee5063}
0x8000033c:bge    t3,t5,0x000         (0x23232323>=0x25252525)=0->pc=0x80000340
#cache_mem:irm    0x80000340          line=4,valid={1,1},age={30,62},id={0x1000005,0x1000004}
0x80000340:bge    a3,t1,0x000         (0xa3a3a3a3>=0x21212121)=0->pc=0x80000344
#cache_mem:irh    0x80000344          line=4,age=0,id=0x1000006,block[1]={0x0066d063,0x00625063,0x01b9d263,0x01ade063}
0x80000344:bge    tp,t1,0x000         (0x10101010>=0x21212121)=0->pc=0x80000348
#cache_mem:irh    0x80000348          line=4,age=0,id=0x1000006,block[1]={0x0066d063,0x00625063,0x01b9d263,0x01ade063}
0x80000348:bge    s3,s11,0x002        (0x77777777>=0xffffffff)=1->pc=0x8000034c
#cache_mem:irh    0x8000034c          line=4,age=0,id=0x1000006,block[1]={0x0066d063,0x00625063,0x01b9d263,0x01ade063}
0x8000034c:bltu   s11,s10,0x000       (0xffffffff<0xeeeeeeee)=0->pc=0x80000350
#cache_mem:irm    0x80000350          line=5,valid={1,1},age={62,30},id={0x1000004,0x1000005}
0x80000350:bltu   s3,t5,0x000         (0x77777777<0x25252525)=0->pc=0x80000354
#cache_mem:irh    0x80000354          line=5,age=0,id=0x1000006,block[0]={0x01e9e063,0x01d76063,0x00426063,0x000de263}
0x80000354:bltu   a4,t4,0x000         (0xa4a4a4a4<0x24242424)=0->pc=0x80000358
#cache_mem:irh    0x80000358          line=5,age=0,id=0x1000006,block[0]={0x01e9e063,0x01d76063,0x00426063,0x000de263}
0x80000358:bltu   tp,tp,0x000         (0x10101010<0x10101010)=0->pc=0x8000035c
#cache_mem:irh    0x8000035c          line=5,age=0,id=0x1000006,block[0]={0x01e9e063,0x01d76063,0x00426063,0x000de263}
0x8000035c:bltu   s11,zero,0x002      (0xffffffff<0x00000000)=0->pc=0x80000360
#cache_mem:irm    0x80000360          line=6,valid={1,1},age={30,26},id={0x1000005,0x1000013}
0x80000360:bgeu   s10,s11,0x000       (0xeeeeeeee>=0xffffffff)=0->pc=0x80000364
#cache_mem:irh    0x80000364          line=6,age=0,id=0x1000006,block[0]={0x01bd7063,0x014ef063,0x00e6f063,0x00f27063}
0x80000364:bgeu   t4,s4,0x000         (0x24242424>=0x88888888)=0->pc=0x80000368
#cache_mem:irh    0x80000368          line=6,age=0,id=0x1000006,block[0]={0x01bd7063,0x014ef063,0x00e6f063,0x00f27063}
0x80000368:bgeu   a3,a4,0x000         (0xa3a3a3a3>=0xa4a4a4a4)=0->pc=0x8000036c
#cache_mem:irh    0x8000036c          line=6,age=0,id=0x1000006,block[0]={0x01bd7063,0x014ef063,0x00e6f063,0x00f27063}
0x8000036c:bgeu   tp,a5,0x000         (0x10101010>=0xa5a5a5a5)=0->pc=0x80000370
#cache_mem:irm    0x80000370          line=7,valid={1,1},age={62,29},id={0x1000004,0x1000005}
0x80000370:bgeu   s11,s2,0x002        (0xffffffff>=0x66666666)=1->pc=0x80000374
#cache_mem:irh    0x80000374          line=7,age=0,id=0x1000006,block[0]={0x012df263,0x00008067,0x01e09293,0x01859313}
0x80000374:jalr   zero,ra,0x000       pc=0x800009f0+0x00000000,zero=0x80000378
#cache_mem:irm    0x800009f0          line=7,valid={1,1},age={1,31},id={0x1000006,0x1000005}
0x800009f0:jal    ra,0xffcc4          pc=0x80000378,ra=0x800009f4
#cache_mem:irh    0x80000378          line=7,age=0,id=0x1000006,block[0]={0x012df263,0x00008067,0x01e09293,0x01859313}
0x80000378:slli   t0,ra,30            t0=0x800009f4<<30=0x00000000
#cache_mem:irh    0x8000037c          line=7,age=0,id=0x1000006,block[0]={0x012df263,0x00008067,0x01e09293,0x01859313}
0x8000037c:slli   t1,a1,24            t1=0xa1a1a1a1<<24=0xa1000000
#cache_mem:irm    0x80000380          line=0,valid={1,1},age={30,63},id={0x1000006,0x1000005}
0x80000380:slli   t2,s2,20            t2=0x66666666<<20=0x66600000
#cache_mem:irh    0x80000384          line=0,age=0,id=0x1000007,block[1]={0x01491393,0x010f1e13,0x01ed9013,0x01b00063}
0x80000384:slli   t3,t5,16            t3=0x25252525<<16=0x25250000
#cache_mem:irh    0x80000388          line=0,age=0,id=0x1000007,block[1]={0x01491393,0x010f1e13,0x01ed9013,0x01b00063}
0x80000388:slli   zero,s11,30         zero=0xffffffff<<30=0xc0000000
#cache_mem:irh    0x8000038c          line=0,age=0,id=0x1000007,block[1]={0x01491393,0x010f1e13,0x01ed9013,0x01b00063}
0x8000038c:beq    zero,s11,0x000      (0x00000000==0xffffffff)=0->pc=0x80000390
#cache_mem:irm    0x80000390          line=1,valid={1,1},age={30,63},id={0x1000006,0x1000005}
0x80000390:slti   t3,t0,0x007         t3=(0x00000000<0x00000007)=1
#cache_mem:irh    0x80000394          line=1,age=0,id=0x1000007,block[1]={0x0072ae13,0xfffdae93,0x7009af13,0xfffa2f93}
0x80000394:slti   t4,s11,0xfff        t4=(0xffffffff<0xffffffff)=0
#cache_mem:irh    0x80000398          line=1,age=0,id=0x1000007,block[1]={0x0072ae13,0xfffdae93,0x7009af13,0xfffa2f93}
0x80000398:slti   t5,s3,0x700         t5=(0x77777777<0x00000700)=0
#cache_mem:irh    0x8000039c          line=1,age=0,id=0x1000007,block[1]={0x0072ae13,0xfffdae93,0x7009af13,0xfffa2f93}
0x8000039c:slti   t6,s4,0xfff         t6=(0x88888888<0xffffffff)=1
#cache_mem:irm    0x800003a0          line=2,valid={1,1},age={63,30},id={0x1000005,0x1000006}
0x800003a0:slti   zero,tp,0x4d2       zero=(0x10101010<0x000004d2)=0
#cache_mem:irh    0x800003a4          line=2,age=0,id=0x1000007,block[0]={0x4d222013,0x01de0063,0x01ff0063,0xfffdb293}
0x800003a4:beq    t3,t4,0x000         (0x00000001==0x00000000)=0->pc=0x800003a8
#cache_mem:irh    0x800003a8          line=2,age=0,id=0x1000007,block[0]={0x4d222013,0x01de0063,0x01ff0063,0xfffdb293}
0x800003a8:beq    t5,t6,0x000         (0x00000000==0x00000001)=0->pc=0x800003ac
#cache_mem:irh    0x800003ac          line=2,age=0,id=0x1000007,block[0]={0x4d222013,0x01de0063,0x01ff0063,0xfffdb293}
0x800003ac:sltiu  t0,s11,0xfff        t0=(0xffffffff<0xffffffff)=0
#cache_mem:irm    0x800003b0          line=3,valid={1,1},age={30,63},id={0x1000006,0x1000005}
0x800003b0:sltiu  t1,s3,0xc00         t1=(0x77777777<0xfffffc00)=1
#cache_mem:irh    0x800003b4          line=3,age=0,id=0x1000007,block[1]={0xc009b313,0xfff23393,0x5aa23e13,0x0000b013}
0x800003b4:sltiu  t2,tp,0xfff         t2=(0x10101010<0xffffffff)=1
#cache_mem:irh    0x800003b8          line=3,age=0,id=0x1000007,block[1]={0xc009b313,0xfff23393,0x5aa23e13,0x0000b013}
0x800003b8:sltiu  t3,tp,0x5aa         t3=(0x10101010<0x000005aa)=0
#cache_mem:irh    0x800003bc          line=3,age=0,id=0x1000007,block[1]={0xc009b313,0xfff23393,0x5aa23e13,0x0000b013}
0x800003bc:sltiu  zero,ra,0x000       zero=(0x800009f4<0x00000000)=0
#cache_mem:irm    0x800003c0          line=4,valid={1,1},age={63,30},id={0x1000005,0x1000006}
0x800003c0:beq    t0,t1,0x000         (0x00000000==0x00000001)=0->pc=0x800003c4
#cache_mem:irh    0x800003c4          line=4,age=0,id=0x1000007,block[0]={0x00628063,0x01c38063,0x00f0d013,0x01025013}
0x800003c4:beq    t2,t3,0x000         (0x00000001==0x00000000)=0->pc=0x800003c8
#cache_mem:irh    0x800003c8          line=4,age=0,id=0x1000007,block[0]={0x00628063,0x01c38063,0x00f0d013,0x01025013}
0x800003c8:srli   zero,ra,15          zero=0x800009f4>>15=0x00010000
#cache_mem:irh    0x800003cc          line=4,age=0,id=0x1000007,block[0]={0x00628063,0x01c38063,0x00f0d013,0x01025013}
0x800003cc:srli   zero,tp,16          zero=0x10101010>>16=0x00001010
#cache_mem:irm    0x800003d0          line=5,valid={1,1},age={30,63},id={0x1000006,0x1000005}
0x800003d0:srli   zero,sp,7           zero=0x80007ff0>>7=0x010000ff
#cache_mem:irh    0x800003d4          line=5,age=0,id=0x1000007,block[1]={0x00715013,0x00825013,0x01eddd93,0x01b28063}
0x800003d4:srli   zero,tp,8           zero=0x10101010>>8=0x00101010
#cache_mem:irh    0x800003d8          line=5,age=0,id=0x1000007,block[1]={0x00715013,0x00825013,0x01eddd93,0x01b28063}
0x800003d8:srli   s11,s11,30          s11=0xffffffff>>30=0x00000003
#cache_mem:irh    0x800003dc          line=5,age=0,id=0x1000007,block[1]={0x00715013,0x00825013,0x01eddd93,0x01b28063}
0x800003dc:beq    t0,s11,0x000        (0x00000000==0x00000003)=0->pc=0x800003e0
#cache_mem:irm    0x800003e0          line=6,valid={1,1},age={30,59},id={0x1000006,0x1000013}
0x800003e0:srai   s10,s10,31          s10=0xeeeeeeee>>>31=0xffffffff
#cache_mem:irh    0x800003e4          line=6,age=0,id=0x1000007,block[1]={0x41fd5d13,0x41fcd293,0x407bd013,0x40875013}
0x800003e4:srai   t0,s9,31            t0=0xdddddddd>>>31=0xffffffff
#cache_mem:irh    0x800003e8          line=6,age=0,id=0x1000007,block[1]={0x41fd5d13,0x41fcd293,0x407bd013,0x40875013}
0x800003e8:srai   zero,s7,7           zero=0xbbbbbbbb>>>7=0xff777777
#cache_mem:irh    0x800003ec          line=6,age=0,id=0x1000007,block[1]={0x41fd5d13,0x41fcd293,0x407bd013,0x40875013}
0x800003ec:srai   zero,a4,8           zero=0xa4a4a4a4>>>8=0xffa4a4a4
#cache_mem:irm    0x800003f0          line=7,valid={1,1},age={29,31},id={0x1000006,0x1000013}
0x800003f0:srai   zero,t5,15          zero=0x00000000>>>15=0x00000000
#cache_mem:irh    0x800003f4          line=7,age=0,id=0x1000007,block[1]={0x40ff5013,0x01a29063,0x01fc9fb3,0x00871f33}
0x800003f4:bne    t0,s10,0x000        (0xffffffff!=0xffffffff)=0->pc=0x800003f8
#cache_mem:irh    0x800003f8          line=7,age=0,id=0x1000007,block[1]={0x40ff5013,0x01a29063,0x01fc9fb3,0x00871f33}
0x800003f8:sll    t6,s9,t6            t6=0xdddddddd<<1=0xbbbbbbba
#cache_mem:irh    0x800003fc          line=7,age=0,id=0x1000007,block[1]={0x40ff5013,0x01a29063,0x01fc9fb3,0x00871f33}
0x800003fc:sll    t5,a4,s0            t5=0xa4a4a4a4<<4=0x4a4a4a40
#cache_mem:irm    0x80000400          line=0,valid={1,1},age={62,29},id={0x1000006,0x1000007}
0x80000400:sll    t4,t6,a6            t4=0xbbbbbbba<<6=0xeeeeee80
#cache_mem:irh    0x80000404          line=0,age=0,id=0x1000008,block[0]={0x010f9eb3,0x00b51e33,0x000c1033,0x01eed063}
0x80000404:sll    t3,a0,a1            t3=0xa0a0a0a0<<1=0x41414140
#cache_mem:irh    0x80000408          line=0,age=0,id=0x1000008,block[0]={0x010f9eb3,0x00b51e33,0x000c1033,0x01eed063}
0x80000408:sll    zero,s8,zero        zero=0xcccccccc<<0=0xcccccccc
#cache_mem:irh    0x8000040c          line=0,age=0,id=0x1000008,block[0]={0x010f9eb3,0x00b51e33,0x000c1033,0x01eed063}
0x8000040c:bge    t4,t5,0x000         (0xeeeeee80>=0x4a4a4a40)=0->pc=0x80000410
#cache_mem:irm    0x80000410          line=1,valid={1,1},age={62,29},id={0x1000006,0x1000007}
0x80000410:slt    t0,a0,s0            t0=(0xa0a0a0a0<0x44444444)=1
#cache_mem:irh    0x80000414          line=1,age=0,id=0x1000008,block[0]={0x008522b3,0x0114a333,0x004d23b3,0x01822e33}
0x80000414:slt    t1,s1,a7            t1=(0x55555555<0xa7a7a7a7)=0
#cache_mem:irh    0x80000418          line=1,age=0,id=0x1000008,block[0]={0x008522b3,0x0114a333,0x004d23b3,0x01822e33}
0x80000418:slt    t2,s10,tp           t2=(0xffffffff<0x10101010)=1
#cache_mem:irh    0x8000041c          line=1,age=0,id=0x1000008,block[0]={0x008522b3,0x0114a333,0x004d23b3,0x01822e33}
0x8000041c:slt    t3,tp,s8            t3=(0x10101010<0xcccccccc)=0
#cache_mem:irm    0x80000420          line=2,valid={1,1},age={29,62},id={0x1000007,0x1000006}
0x80000420:slt    t4,ra,a5            t4=(0x800009f4<0xa5a5a5a5)=1
#cache_mem:irh    0x80000424          line=2,age=0,id=0x1000008,block[1]={0x00f0aeb3,0x00d02f33,0x01bfafb3,0x0062e063}
0x80000424:slt    t5,zero,a3          t5=(0x00000000<0xa3a3a3a3)=0
#cache_mem:irh    0x80000428          line=2,age=0,id=0x1000008,block[1]={0x00f0aeb3,0x00d02f33,0x01bfafb3,0x0062e063}
0x80000428:slt    t6,t6,s11           t6=(0xbbbbbbba<0x00000003)=1
#cache_mem:irh    0x8000042c          line=2,age=0,id=0x1000008,block[1]={0x00f0aeb3,0x00d02f33,0x01bfafb3,0x0062e063}
0x8000042c:bltu   t0,t1,0x000         (0x00000001<0x00000000)=0->pc=0x80000430
#cache_mem:irm    0x80000430          line=3,valid={1,1},age={62,29},id={0x1000006,0x1000007}
0x80000430:bgeu   t1,t2,0x000         (0x00000000>=0x00000001)=0->pc=0x80000434
#cache_mem:irh    0x80000434          line=3,age=0,id=0x1000008,block[0]={0x00737063,0x008532b3,0x0114b333,0x004d33b3}
0x80000434:sltu   t0,a0,s0            t0=(0xa0a0a0a0<0x44444444)=0
#cache_mem:irh    0x80000438          line=3,age=0,id=0x1000008,block[0]={0x00737063,0x008532b3,0x0114b333,0x004d33b3}
0x80000438:sltu   t1,s1,a7            t1=(0x55555555<0xa7a7a7a7)=1
#cache_mem:irh    0x8000043c          line=3,age=0,id=0x1000008,block[0]={0x00737063,0x008532b3,0x0114b333,0x004d33b3}
0x8000043c:sltu   t2,s10,tp           t2=(0xffffffff<0x10101010)=0
#cache_mem:irm    0x80000440          line=4,valid={1,1},age={29,62},id={0x1000007,0x1000006}
0x80000440:sltu   t3,tp,s8            t3=(0x10101010<0xcccccccc)=1
#cache_mem:irh    0x80000444          line=4,age=0,id=0x1000008,block[1]={0x01823e33,0x0017beb3,0x00d03f33,0x01f4bfb3}
0x80000444:sltu   t4,a5,ra            t4=(0xa5a5a5a5<0x800009f4)=0
#cache_mem:irh    0x80000448          line=4,age=0,id=0x1000008,block[1]={0x01823e33,0x0017beb3,0x00d03f33,0x01f4bfb3}
0x80000448:sltu   t5,zero,a3          t5=(0x00000000<0xa3a3a3a3)=1
#cache_mem:irh    0x8000044c          line=4,age=0,id=0x1000008,block[1]={0x01823e33,0x0017beb3,0x00d03f33,0x01f4bfb3}
0x8000044c:sltu   t6,s1,t6            t6=(0x55555555<0x00000001)=0
#cache_mem:irm    0x80000450          line=5,valid={1,1},age={62,29},id={0x1000006,0x1000007}
0x80000450:blt    t1,t0,0x000         (0x00000001<0x00000000)=0->pc=0x80000454
#cache_mem:irh    0x80000454          line=5,age=0,id=0x1000008,block[0]={0x00534063,0x01c3d063,0x01475fb3,0x00ea5f33}
0x80000454:bge    t2,t3,0x000         (0x00000000>=0x00000001)=0->pc=0x80000458
#cache_mem:irh    0x80000458          line=5,age=0,id=0x1000008,block[0]={0x00534063,0x01c3d063,0x01475fb3,0x00ea5f33}
0x80000458:srl    t6,a4,s4            t6=0xa4a4a4a4>>8=0x00a4a4a4
#cache_mem:irh    0x8000045c          line=5,age=0,id=0x1000008,block[0]={0x00534063,0x01c3d063,0x01475fb3,0x00ea5f33}
0x8000045c:srl    t5,s4,a4            t5=0x88888888>>4=0x08888888
#cache_mem:irm    0x80000460          line=6,valid={1,1},age={62,29},id={0x1000006,0x1000007}
0x80000460:srl    t4,ra,sp            t4=0x800009f4>>16=0x00008000
#cache_mem:irh    0x80000464          line=6,age=0,id=0x1000008,block[0]={0x0020deb3,0x00115e33,0x004253b3,0x00425333}
0x80000464:srl    t3,sp,ra            t3=0x80007ff0>>20=0x00000800
#cache_mem:irh    0x80000468          line=6,age=0,id=0x1000008,block[0]={0x0020deb3,0x00115e33,0x004253b3,0x00425333}
0x80000468:srl    t2,tp,tp            t2=0x10101010>>16=0x00001010
#cache_mem:irh    0x8000046c          line=6,age=0,id=0x1000008,block[0]={0x0020deb3,0x00115e33,0x004253b3,0x00425333}
0x8000046c:srl    t1,tp,tp            t1=0x10101010>>16=0x00001010
#cache_mem:irm    0x80000470          line=7,valid={1,1},age={61,29},id={0x1000006,0x1000007}
0x80000470:srl    t0,s11,s0           t0=0x00000003>>4=0x00000000
#cache_mem:irh    0x80000474          line=7,age=0,id=0x1000008,block[0]={0x008dd2b3,0x01de0063,0x0062d063,0x4067d2b3}
0x80000474:beq    t3,t4,0x000         (0x00000800==0x00008000)=0->pc=0x80000478
#cache_mem:irh    0x80000478          line=7,age=0,id=0x1000008,block[0]={0x008dd2b3,0x01de0063,0x0062d063,0x4067d2b3}
0x80000478:bge    t0,t1,0x000         (0x00000000>=0x00001010)=0->pc=0x8000047c
#cache_mem:irh    0x8000047c          line=7,age=0,id=0x1000008,block[0]={0x008dd2b3,0x01de0063,0x0062d063,0x4067d2b3}
0x8000047c:sra    t0,a5,t1            t0=0xa5a5a5a5>>>16=0xffffa5a5
#cache_mem:irm    0x80000480          line=0,valid={1,1},age={29,61},id={0x1000008,0x1000007}
0x80000480:sra    t1,s5,t2            t1=0x99999999>>>16=0xffff9999
#cache_mem:irh    0x80000484          line=0,age=0,id=0x1000009,block[1]={0x407ad333,0x41cf53b3,0x41ddde33,0x41ecdeb3}
0x80000484:sra    t2,t5,t3            t2=0x08888888>>>0=0x08888888
#cache_mem:irh    0x80000488          line=0,age=0,id=0x1000009,block[1]={0x407ad333,0x41cf53b3,0x41ddde33,0x41ecdeb3}
0x80000488:sra    t3,s11,t4           t3=0x00000003>>>0=0x00000003
#cache_mem:irh    0x8000048c          line=0,age=0,id=0x1000009,block[1]={0x407ad333,0x41cf53b3,0x41ddde33,0x41ecdeb3}
0x8000048c:sra    t4,s9,t5            t4=0xdddddddd>>>8=0xffdddddd
#cache_mem:irm    0x80000490          line=1,valid={1,1},age={29,61},id={0x1000008,0x1000007}
0x80000490:sra    t5,sp,t6            t5=0x80007ff0>>>4=0xf80007ff
#cache_mem:irh    0x80000494          line=1,age=0,id=0x1000009,block[1]={0x41f15f33,0x40525fb3,0x01cee063,0x00535063}
0x80000494:sra    t6,tp,t0            t6=0x10101010>>>5=0x00808080
#cache_mem:irh    0x80000498          line=1,age=0,id=0x1000009,block[1]={0x41f15f33,0x40525fb3,0x01cee063,0x00535063}
0x80000498:bltu   t4,t3,0x000         (0xffdddddd<0x00000003)=0->pc=0x8000049c
#cache_mem:irh    0x8000049c          line=1,age=0,id=0x1000009,block[1]={0x41f15f33,0x40525fb3,0x01cee063,0x00535063}
0x8000049c:bge    t1,t0,0x000         (0xffff9999>=0xffffa5a5)=0->pc=0x800004a0
#cache_mem:irm    0x800004a0          line=2,valid={1,1},age={61,29},id={0x1000007,0x1000008}
0x800004a0:jalr   zero,ra,0x000       pc=0x800009f4+0x00000000,zero=0x800004a4
#cache_mem:irm    0x800009f4          line=7,valid={1,1},age={10,42},id={0x1000008,0x1000007}
0x800009f4:jal    ra,0xffd58          pc=0x800004a4,ra=0x800009f8
#cache_mem:irh    0x800004a4          line=2,age=0,id=0x1000009,block[0]={0x00008067,0xfffd8293,0x00030313,0x08078393}
0x800004a4:addi   t0,s11,0xfff        t0=0x00000003+0xffffffff=0x00000002
#cache_mem:irh    0x800004a8          line=2,age=0,id=0x1000009,block[0]={0x00008067,0xfffd8293,0x00030313,0x08078393}
0x800004a8:addi   t1,t1,0x000         t1=0xffff9999+0x00000000=0xffff9999
#cache_mem:irh    0x800004ac          line=2,age=0,id=0x1000009,block[0]={0x00008067,0xfffd8293,0x00030313,0x08078393}
0x800004ac:addi   t2,a5,0x080         t2=0xa5a5a5a5+0x00000080=0xa5a5a625
#cache_mem:irm    0x800004b0          line=3,valid={1,1},age={30,62},id={0x1000008,0x1000007}
0x800004b0:addi   t3,s5,0x0ff         t3=0x99999999+0x000000ff=0x99999a98
#cache_mem:irh    0x800004b4          line=3,age=0,id=0x1000009,block[1]={0x0ffa8e13,0x3fff0e93,0x40030f13,0x80058f93}
0x800004b4:addi   t4,t5,0x3ff         t4=0xf80007ff+0x000003ff=0xf8000bfe
#cache_mem:irh    0x800004b8          line=3,age=0,id=0x1000009,block[1]={0x0ffa8e13,0x3fff0e93,0x40030f13,0x80058f93}
0x800004b8:addi   t5,t1,0x400         t5=0xffff9999+0x00000400=0xffff9d99
#cache_mem:irh    0x800004bc          line=3,age=0,id=0x1000009,block[1]={0x0ffa8e13,0x3fff0e93,0x40030f13,0x80058f93}
0x800004bc:addi   t6,a1,0x800         t6=0xa1a1a1a1+0xfffff800=0xa1a199a1
#cache_mem:irm    0x800004c0          line=4,valid={1,1},age={62,30},id={0x1000007,0x1000008}
0x800004c0:blt    t1,t6,0x000         (0xffff9999<0xa1a199a1)=0->pc=0x800004c4
#cache_mem:irh    0x800004c4          line=4,age=0,id=0x1000009,block[0]={0x01f34063,0xffff4f93,0x001fcf13,0x7ffd4e93}
0x800004c4:xori   t6,t5,0xfff         t6=0xffff9d99^0xffffffff=0x00006266
#cache_mem:irh    0x800004c8          line=4,age=0,id=0x1000009,block[0]={0x01f34063,0xffff4f93,0x001fcf13,0x7ffd4e93}
0x800004c8:xori   t5,t6,0x001         t5=0x00006266^0x00000001=0x00006267
#cache_mem:irh    0x800004cc          line=4,age=0,id=0x1000009,block[0]={0x01f34063,0xffff4f93,0x001fcf13,0x7ffd4e93}
0x800004cc:xori   t4,s10,0x7ff        t4=0xffffffff^0x000007ff=0xfffff800
#cache_mem:irm    0x800004d0          line=5,valid={1,1},age={30,62},id={0x1000008,0x1000007}
0x800004d0:xori   t3,a3,0x003         t3=0xa3a3a3a3^0x00000003=0xa3a3a3a0
#cache_mem:irh    0x800004d4          line=5,age=0,id=0x1000009,block[1]={0x0036ce13,0x8005c393,0x7bcc4313,0x0002c293}
0x800004d4:xori   t2,a1,0x800         t2=0xa1a1a1a1^0xfffff800=0x5e5e59a1
#cache_mem:irh    0x800004d8          line=5,age=0,id=0x1000009,block[1]={0x0036ce13,0x8005c393,0x7bcc4313,0x0002c293}
0x800004d8:xori   t1,s8,0x7bc         t1=0xcccccccc^0x000007bc=0xcccccb70
#cache_mem:irh    0x800004dc          line=5,age=0,id=0x1000009,block[1]={0x0036ce13,0x8005c393,0x7bcc4313,0x0002c293}
0x800004dc:xori   t0,t0,0x000         t0=0x00000002^0x00000000=0x00000002
#cache_mem:irm    0x800004e0          line=6,valid={1,1},age={30,62},id={0x1000008,0x1000007}
0x800004e0:bge    t6,t5,0x000         (0x00006266>=0x00006267)=0->pc=0x800004e4
#cache_mem:irh    0x800004e4          line=6,age=0,id=0x1000009,block[1]={0x01efd063,0xfffcee93,0xfff8ee13,0xfff26f93}
0x800004e4:ori    t4,s9,0xfff         t4=0xdddddddd|0xffffffff=0xffffffff
#cache_mem:irh    0x800004e8          line=6,age=0,id=0x1000009,block[1]={0x01efd063,0xfffcee93,0xfff8ee13,0xfff26f93}
0x800004e8:ori    t3,a7,0xfff         t3=0xa7a7a7a7|0xffffffff=0xffffffff
#cache_mem:irh    0x800004ec          line=6,age=0,id=0x1000009,block[1]={0x01efd063,0xfffcee93,0xfff8ee13,0xfff26f93}
0x800004ec:ori    t6,tp,0xfff         t6=0x10101010|0xffffffff=0xffffffff
#cache_mem:irm    0x800004f0          line=7,valid={1,1},age={30,20},id={0x1000008,0x1000013}
0x800004f0:ori    t5,tp,0xfff         t5=0x10101010|0xffffffff=0xffffffff
#cache_mem:irh    0x800004f4          line=7,age=0,id=0x1000009,block[0]={0xfff26f13,0xfff0e293,0xfff16393,0xfff06313}
0x800004f4:ori    t0,ra,0xfff         t0=0x800009f8|0xffffffff=0xffffffff
#cache_mem:irh    0x800004f8          line=7,age=0,id=0x1000009,block[0]={0xfff26f13,0xfff0e293,0xfff16393,0xfff06313}
0x800004f8:ori    t2,sp,0xfff         t2=0x80007ff0|0xffffffff=0xffffffff
#cache_mem:irh    0x800004fc          line=7,age=0,id=0x1000009,block[0]={0xfff26f13,0xfff0e293,0xfff16393,0xfff06313}
0x800004fc:ori    t1,zero,0xfff       t1=0x00000000|0xffffffff=0xffffffff
#cache_mem:irm    0x80000500          line=0,valid={1,1},age={62,30},id={0x1000008,0x1000009}
0x80000500:bne    t0,t1,0x000         (0xffffffff!=0xffffffff)=0->pc=0x80000504
#cache_mem:irh    0x80000504          line=0,age=0,id=0x100000a,block[0]={0x00629063,0xfffe7393,0x001fff13,0x002efe93}
0x80000504:andi   t2,t3,0xfff         t2=0xffffffff&0xffffffff=0xffffffff
#cache_mem:irh    0x80000508          line=0,age=0,id=0x100000a,block[0]={0x00629063,0xfffe7393,0x001fff13,0x002efe93}
0x80000508:andi   t5,t6,0x001         t5=0xffffffff&0x00000001=0x00000001
#cache_mem:irh    0x8000050c          line=0,age=0,id=0x100000a,block[0]={0x00629063,0xfffe7393,0x001fff13,0x002efe93}
0x8000050c:andi   t4,t4,0x002         t4=0xffffffff&0x00000002=0x00000002
#cache_mem:irm    0x80000510          line=1,valid={1,1},age={62,30},id={0x1000008,0x1000009}
0x80000510:andi   t0,s0,0x004         t0=0x44444444&0x00000004=0x00000004
#cache_mem:irh    0x80000514          line=1,age=0,id=0x100000a,block[0]={0x00447293,0x3ff4fe13,0x7ff97313,0x01e3e063}
0x80000514:andi   t3,s1,0x3ff         t3=0x55555555&0x000003ff=0x00000155
#cache_mem:irh    0x80000518          line=1,age=0,id=0x100000a,block[0]={0x00447293,0x3ff4fe13,0x7ff97313,0x01e3e063}
0x80000518:andi   t1,s2,0x7ff         t1=0x66666666&0x000007ff=0x00000666
#cache_mem:irh    0x8000051c          line=1,age=0,id=0x100000a,block[0]={0x00447293,0x3ff4fe13,0x7ff97313,0x01e3e063}
0x8000051c:bltu   t2,t5,0x000         (0xffffffff<0x00000001)=0->pc=0x80000520
#cache_mem:irm    0x80000520          line=2,valid={1,1},age={29,62},id={0x1000009,0x1000008}
0x80000520:add    t0,ra,sp            t0=0x800009f8+0x80007ff0=0x000089e8
#cache_mem:irh    0x80000524          line=2,age=0,id=0x100000a,block[1]={0x002082b3,0x00020333,0x008383b3,0x00fd8e33}
0x80000524:add    t1,tp,zero          t1=0x10101010+0x00000000=0x10101010
#cache_mem:irh    0x80000528          line=2,age=0,id=0x100000a,block[1]={0x002082b3,0x00020333,0x008383b3,0x00fd8e33}
0x80000528:add    t2,t2,s0            t2=0xffffffff+0x44444444=0x44444443
#cache_mem:irh    0x8000052c          line=2,age=0,id=0x100000a,block[1]={0x002082b3,0x00020333,0x008383b3,0x00fd8e33}
0x8000052c:add    t3,s11,a5           t3=0x00000003+0xa5a5a5a5=0xa5a5a5a8
#cache_mem:irm    0x80000530          line=3,valid={1,1},age={62,29},id={0x1000008,0x1000009}
0x80000530:add    t4,a7,s1            t4=0xa7a7a7a7+0x55555555=0xfcfcfcfc
#cache_mem:irh    0x80000534          line=3,age=0,id=0x100000a,block[0]={0x00988eb3,0x01e20f33,0x01a20fb3,0x01eff063}
0x80000534:add    t5,tp,t5            t5=0x10101010+0x00000001=0x10101011
#cache_mem:irh    0x80000538          line=3,age=0,id=0x100000a,block[0]={0x00988eb3,0x01e20f33,0x01a20fb3,0x01eff063}
0x80000538:add    t6,tp,s10           t6=0x10101010+0xffffffff=0x1010100f
#cache_mem:irh    0x8000053c          line=3,age=0,id=0x100000a,block[0]={0x00988eb3,0x01e20f33,0x01a20fb3,0x01eff063}
0x8000053c:bgeu   t6,t5,0x000         (0x1010100f>=0x10101011)=0->pc=0x80000540
#cache_mem:irm    0x80000540          line=4,valid={1,1},age={29,62},id={0x1000009,0x1000008}
0x80000540:sub    t0,t1,t2            t0=0x10101010-0x44444443=0xcbcbcbcd
#cache_mem:irh    0x80000544          line=4,age=0,id=0x100000a,block[1]={0x407302b3,0x40958333,0x41bc83b3,0x40a88e33}
0x80000544:sub    t1,a1,s1            t1=0xa1a1a1a1-0x55555555=0x4c4c4c4c
#cache_mem:irh    0x80000548          line=4,age=0,id=0x100000a,block[1]={0x407302b3,0x40958333,0x41bc83b3,0x40a88e33}
0x80000548:sub    t2,s9,s11           t2=0xdddddddd-0x00000003=0xddddddda
#cache_mem:irh    0x8000054c          line=4,age=0,id=0x100000a,block[1]={0x407302b3,0x40958333,0x41bc83b3,0x40a88e33}
0x8000054c:sub    t3,a7,a0            t3=0xa7a7a7a7-0xa0a0a0a0=0x07070707
#cache_mem:irm    0x80000550          line=5,valid={1,1},age={62,29},id={0x1000008,0x1000009}
0x80000550:sub    t4,tp,sp            t4=0x10101010-0x80007ff0=0x900f9020
#cache_mem:irh    0x80000554          line=5,age=0,id=0x100000a,block[0]={0x40220eb3,0x40120f33,0x40078fb3,0x01df4063}
0x80000554:sub    t5,tp,ra            t5=0x10101010-0x800009f8=0x90100618
#cache_mem:irh    0x80000558          line=5,age=0,id=0x100000a,block[0]={0x40220eb3,0x40120f33,0x40078fb3,0x01df4063}
0x80000558:sub    t6,a5,zero          t6=0xa5a5a5a5-0x00000000=0xa5a5a5a5
#cache_mem:irh    0x8000055c          line=5,age=0,id=0x100000a,block[0]={0x40220eb3,0x40120f33,0x40078fb3,0x01df4063}
0x8000055c:blt    t5,t4,0x000         (0x90100618<0x900f9020)=0->pc=0x80000560
#cache_mem:irm    0x80000560          line=6,valid={1,1},age={62,29},id={0x1000008,0x1000009}
0x80000560:xor    t0,s8,a3            t0=0xcccccccc^0xa3a3a3a3=0x6f6f6f6f
#cache_mem:irh    0x80000564          line=6,age=0,id=0x100000a,block[0]={0x00dc42b3,0x0047c333,0x0020c3b3,0x008cce33}
0x80000564:xor    t1,a5,tp            t1=0xa5a5a5a5^0x10101010=0xb5b5b5b5
#cache_mem:irh    0x80000568          line=6,age=0,id=0x100000a,block[0]={0x00dc42b3,0x0047c333,0x0020c3b3,0x008cce33}
0x80000568:xor    t2,ra,sp            t2=0x800009f8^0x80007ff0=0x00007608
#cache_mem:irh    0x8000056c          line=6,age=0,id=0x100000a,block[0]={0x00dc42b3,0x0047c333,0x0020c3b3,0x008cce33}
0x8000056c:xor    t3,s9,s0            t3=0xdddddddd^0x44444444=0x99999999
#cache_mem:irm    0x80000570          line=7,valid={1,1},age={29,52},id={0x1000009,0x1000013}
0x80000570:xor    t4,s1,a7            t4=0x55555555^0xa7a7a7a7=0xf2f2f2f2
#cache_mem:irh    0x80000574          line=7,age=0,id=0x100000a,block[1]={0x0114ceb3,0x00024f33,0x01794fb3,0x01fe5063}
0x80000574:xor    t5,tp,zero          t5=0x10101010^0x00000000=0x10101010
#cache_mem:irh    0x80000578          line=7,age=0,id=0x100000a,block[1]={0x0114ceb3,0x00024f33,0x01794fb3,0x01fe5063}
0x80000578:xor    t6,s2,s7            t6=0x66666666^0xbbbbbbbb=0xdddddddd
#cache_mem:irh    0x8000057c          line=7,age=0,id=0x100000a,block[1]={0x0114ceb3,0x00024f33,0x01794fb3,0x01fe5063}
0x8000057c:bge    t3,t6,0x000         (0x99999999>=0xdddddddd)=0->pc=0x80000580
#cache_mem:irm    0x80000580          line=0,valid={1,1},age={29,62},id={0x100000a,0x1000009}
0x80000580:or     t6,zero,a5          t6=0x00000000|0xa5a5a5a5=0xa5a5a5a5
#cache_mem:irh    0x80000584          line=0,age=0,id=0x100000b,block[1]={0x00f06fb3,0x00266f33,0x00416eb3,0x01326e33}
0x80000584:or     t5,a2,sp            t5=0xa2a2a2a2|0x80007ff0=0xa2a2fff2
#cache_mem:irh    0x80000588          line=0,age=0,id=0x100000b,block[1]={0x00f06fb3,0x00266f33,0x00416eb3,0x01326e33}
0x80000588:or     t4,sp,tp            t4=0x80007ff0|0x10101010=0x90107ff0
#cache_mem:irh    0x8000058c          line=0,age=0,id=0x100000b,block[1]={0x00f06fb3,0x00266f33,0x00416eb3,0x01326e33}
0x8000058c:or     t3,tp,s3            t3=0x10101010|0x77777777=0x77777777
#cache_mem:irm    0x80000590          line=1,valid={1,1},age={29,62},id={0x100000a,0x1000009}
0x80000590:or     t2,s6,a6            t2=0xaaaaaaaa|0xa6a6a6a6=0xaeaeaeae
#cache_mem:irh    0x80000594          line=1,age=0,id=0x100000b,block[1]={0x010b63b3,0x01b06333,0x011762b3,0x005e0063}
0x80000594:or     t1,zero,s11         t1=0x00000000|0x00000003=0x00000003
#cache_mem:irh    0x80000598          line=1,age=0,id=0x100000b,block[1]={0x010b63b3,0x01b06333,0x011762b3,0x005e0063}
0x80000598:or     t0,a4,a7            t0=0xa4a4a4a4|0xa7a7a7a7=0xa7a7a7a7
#cache_mem:irh    0x8000059c          line=1,age=0,id=0x100000b,block[1]={0x010b63b3,0x01b06333,0x011762b3,0x005e0063}
0x8000059c:beq    t3,t0,0x000         (0x77777777==0xa7a7a7a7)=0->pc=0x800005a0
#cache_mem:irm    0x800005a0          line=2,valid={1,1},age={61,29},id={0x1000009,0x100000a}
0x800005a0:and    t0,s6,a5            t0=0xaaaaaaaa&0xa5a5a5a5=0xa0a0a0a0
#cache_mem:irh    0x800005a4          line=2,age=0,id=0x100000b,block[0]={0x00fb72b3,0x0006f333,0x001173b3,0x011c7e33}
0x800005a4:and    t1,a3,zero          t1=0xa3a3a3a3&0x00000000=0x00000000
#cache_mem:irh    0x800005a8          line=2,age=0,id=0x100000b,block[0]={0x00fb72b3,0x0006f333,0x001173b3,0x011c7e33}
0x800005a8:and    t2,sp,ra            t2=0x80007ff0&0x800009f8=0x800009f0
#cache_mem:irh    0x800005ac          line=2,age=0,id=0x100000b,block[0]={0x00fb72b3,0x0006f333,0x001173b3,0x011c7e33}
0x800005ac:and    t3,s8,a7            t3=0xcccccccc&0xa7a7a7a7=0x84848484
#cache_mem:irm    0x800005b0          line=3,valid={1,1},age={29,61},id={0x100000a,0x1000009}
0x800005b0:and    t4,s0,a3            t4=0x44444444&0xa3a3a3a3=0x00000000
#cache_mem:irh    0x800005b4          line=3,age=0,id=0x100000b,block[1]={0x00d47eb3,0x00427f33,0x01b4ffb3,0x01f37063}
0x800005b4:and    t5,tp,tp            t5=0x10101010&0x10101010=0x10101010
#cache_mem:irh    0x800005b8          line=3,age=0,id=0x100000b,block[1]={0x00d47eb3,0x00427f33,0x01b4ffb3,0x01f37063}
0x800005b8:and    t6,s1,s11           t6=0x55555555&0x00000003=0x00000001
#cache_mem:irh    0x800005bc          line=3,age=0,id=0x100000b,block[1]={0x00d47eb3,0x00427f33,0x01b4ffb3,0x01f37063}
0x800005bc:bgeu   t1,t6,0x000         (0x00000000>=0x00000001)=0->pc=0x800005c0
#cache_mem:irm    0x800005c0          line=4,valid={1,1},age={61,29},id={0x1000009,0x100000a}
0x800005c0:jalr   zero,ra,0x000       pc=0x800009f8+0x00000000,zero=0x800005c4
#cache_mem:irm    0x800009f8          line=7,valid={1,1},age={50,18},id={0x1000009,0x100000a}
0x800009f8:jal    ra,0xffde6          pc=0x800005c4,ra=0x800009fc
#cache_mem:irh    0x800005c4          line=4,age=0,id=0x100000b,block[0]={0x00008067,0x00001217,0x11620213,0x18f20283}
0x800005c4:auipc  tp,0x00001          tp=0x800005c4+0x00001000=0x800015c4
#cache_mem:irh    0x800005c8          line=4,age=0,id=0x100000b,block[0]={0x00008067,0x00001217,0x11620213,0x18f20283}
0x800005c8:addi   tp,tp,0x116         tp=0x800015c4+0x00000116=0x800016da
#cache_mem:irh    0x800005cc          line=4,age=0,id=0x100000b,block[0]={0x00008067,0x00001217,0x11620213,0x18f20283}
#cache_mem:drm    0x80001869          line=6,valid={0,0},age={0,0},id={0x000000,0x000000}
0x800005cc:lb     t0,0x18f(tp)        t0=mem[0x80001869]=0xffffffaa
#cache_mem:irm    0x800005d0          line=5,valid={1,1},age={30,62},id={0x100000a,0x1000009}
#cache_mem:drh    0x80001868          line=6,age=0,id=0x1000030,block[0]={0xccddaabb,0xccddaabb,0x0000aabb,0x00000000}
0x800005d0:lb     t1,0x18e(tp)        t1=mem[0x80001868]=0xffffffbb
#cache_mem:irh    0x800005d4          line=5,age=0,id=0x100000b,block[1]={0x18e20303,0x18d20383,0x18c20e03,0x18b20e83}
#cache_mem:drh    0x80001867          line=6,age=0,id=0x1000030,block[0]={0xccddaabb,0xccddaabb,0x0000aabb,0x00000000}
0x800005d4:lb     t2,0x18d(tp)        t2=mem[0x80001867]=0xffffffcc
#cache_mem:irh    0x800005d8          line=5,age=0,id=0x100000b,block[1]={0x18e20303,0x18d20383,0x18c20e03,0x18b20e83}
#cache_mem:drh    0x80001866          line=6,age=0,id=0x1000030,block[0]={0xccddaabb,0xccddaabb,0x0000aabb,0x00000000}
0x800005d8:lb     t3,0x18c(tp)        t3=mem[0x80001866]=0xffffffdd
#cache_mem:irh    0x800005dc          line=5,age=0,id=0x100000b,block[1]={0x18e20303,0x18d20383,0x18c20e03,0x18b20e83}
#cache_mem:drh    0x80001865          line=6,age=0,id=0x1000030,block[0]={0xccddaabb,0xccddaabb,0x0000aabb,0x00000000}
0x800005dc:lb     t4,0x18b(tp)        t4=mem[0x80001865]=0xffffffaa
#cache_mem:irm    0x800005e0          line=6,valid={1,1},age={30,62},id={0x100000a,0x1000009}
#cache_mem:drh    0x80001864          line=6,age=0,id=0x1000030,block[0]={0xccddaabb,0xccddaabb,0x0000aabb,0x00000000}
0x800005e0:lb     t5,0x18a(tp)        t5=mem[0x80001864]=0xffffffbb
#cache_mem:irh    0x800005e4          line=6,age=0,id=0x100000b,block[1]={0x18a20f03,0x18920f83,0x01f28063,0x18e21283}
#cache_mem:drh    0x80001863          line=6,age=0,id=0x1000030,block[0]={0xccddaabb,0xccddaabb,0x0000aabb,0x00000000}
0x800005e4:lb     t6,0x189(tp)        t6=mem[0x80001863]=0xffffffcc
#cache_mem:irh    0x800005e8          line=6,age=0,id=0x100000b,block[1]={0x18a20f03,0x18920f83,0x01f28063,0x18e21283}
0x800005e8:beq    t0,t6,0x000         (0xffffffaa==0xffffffcc)=0->pc=0x800005ec
#cache_mem:irh    0x800005ec          line=6,age=0,id=0x100000b,block[1]={0x18a20f03,0x18920f83,0x01f28063,0x18e21283}
#cache_mem:drh    0x80001868          line=6,age=0,id=0x1000030,block[0]={0xccddaabb,0xccddaabb,0x0000aabb,0x00000000}
0x800005ec:lh     t0,0x18e(tp)        t0=mem[0x80001868]=0xffffaabb
#cache_mem:irm    0x800005f0          line=7,valid={1,1},age={12,30},id={0x1000013,0x100000a}
#cache_mem:drh    0x80001867          line=6,age=0,id=0x1000030,block[0]={0xccddaabb,0xccddaabb,0x0000aabb,0x00000000}
0x800005f0:lh     t1,0x18d(tp)        t1=mem[0x80001867]=0x000000cc
#cache_mem:irh    0x800005f4          line=7,age=0,id=0x100000b,block[1]={0x18d21303,0x18c21383,0x18b21e03,0x18a21e83}
#cache_mem:drh    0x80001866          line=6,age=0,id=0x1000030,block[0]={0xccddaabb,0xccddaabb,0x0000aabb,0x00000000}
0x800005f4:lh     t2,0x18c(tp)        t2=mem[0x80001866]=0xffffccdd
#cache_mem:irh    0x800005f8          line=7,age=0,id=0x100000b,block[1]={0x18d21303,0x18c21383,0x18b21e03,0x18a21e83}
#cache_mem:drh    0x80001865          line=6,age=0,id=0x1000030,block[0]={0xccddaabb,0xccddaabb,0x0000aabb,0x00000000}
0x800005f8:lh     t3,0x18b(tp)        t3=mem[0x80001865]=0xffffddaa
#cache_mem:irh    0x800005fc          line=7,age=0,id=0x100000b,block[1]={0x18d21303,0x18c21383,0x18b21e03,0x18a21e83}
#cache_mem:drh    0x80001864          line=6,age=0,id=0x1000030,block[0]={0xccddaabb,0xccddaabb,0x0000aabb,0x00000000}
0x800005fc:lh     t4,0x18a(tp)        t4=mem[0x80001864]=0xffffaabb
#cache_mem:irm    0x80000600          line=0,valid={1,1},age={62,30},id={0x100000a,0x100000b}
#cache_mem:drm    0x80001859          line=5,valid={0,0},age={0,0},id={0x000000,0x000000}
0x80000600:lh     t5,0x17f(tp)        t5=mem[0x80001859]=0xffffddaa
#cache_mem:irh    0x80000604          line=0,age=0,id=0x100000c,block[0]={0x17f21f03,0x17e21f83,0x001f0f13,0x01ff0063}
#cache_mem:drh    0x80001858          line=5,age=0,id=0x1000030,block[0]={0xccddaabb,0xccddaabb,0xccddaabb,0xccddaabb}
0x80000604:lh     t6,0x17e(tp)        t6=mem[0x80001858]=0xffffaabb
#cache_mem:irh    0x80000608          line=0,age=0,id=0x100000c,block[0]={0x17f21f03,0x17e21f83,0x001f0f13,0x01ff0063}
0x80000608:addi   t5,t5,0x001         t5=0xffffddaa+0x00000001=0xffffddab
#cache_mem:irh    0x8000060c          line=0,age=0,id=0x100000c,block[0]={0x17f21f03,0x17e21f83,0x001f0f13,0x01ff0063}
0x8000060c:beq    t5,t6,0x000         (0xffffddab==0xffffaabb)=0->pc=0x80000610
#cache_mem:irm    0x80000610          line=1,valid={1,1},age={62,30},id={0x100000a,0x100000b}
#cache_mem:drm    0x80007fef          line=6,valid={1,0},age={3,0},id={0x1000030,0x000000}
0x80000610:lw     t0,0xfff(sp)        t0=mem[0x80007fef]=0x00000000
#cache_mem:irh    0x80000614          line=1,age=0,id=0x100000c,block[0]={0xfff12283,0xffe22303,0xffd22383,0x0000ae03}
#cache_mem:drm    0x800016d8          line=5,valid={1,0},age={2,0},id={0x1000030,0x000000}
0x80000614:lw     t1,0xffe(tp)        t1=mem[0x800016d8]=0xccdd0000
#cache_mem:irh    0x80000618          line=1,age=0,id=0x100000c,block[0]={0xfff12283,0xffe22303,0xffd22383,0x0000ae03}
#cache_mem:drh    0x800016d7          line=5,age=0,id=0x100002d,block[1]={0x0a205c20,0x00000a0a,0xccdd0000,0xccddaabb}
0x80000618:lw     t2,0xffd(tp)        t2=mem[0x800016d7]=0x00000a0a
#cache_mem:irh    0x8000061c          line=1,age=0,id=0x100000c,block[0]={0xfff12283,0xffe22303,0xffd22383,0x0000ae03}
#cache_mem:drm    0x800009fc          line=7,valid={0,0},age={0,0},id={0x000000,0x000000}
0x8000061c:lw     t3,0x000(ra)        t3=mem[0x800009fc]=0xd11ff0ef
#cache_mem:irm    0x80000620          line=2,valid={1,1},age={30,62},id={0x100000b,0x100000a}
#cache_mem:drh    0x800016db          line=5,age=0,id=0x100002d,block[1]={0x0a205c20,0x00000a0a,0xccdd0000,0xccddaabb}
0x80000620:lw     t4,0x001(tp)        t4=mem[0x800016db]=0xccdd0000
#cache_mem:irh    0x80000624          line=2,age=0,id=0x100000c,block[1]={0x00122e83,0x00222f03,0x00322f83,0x12b24283}
#cache_mem:drh    0x800016dc          line=5,age=0,id=0x100002d,block[1]={0x0a205c20,0x00000a0a,0xccdd0000,0xccddaabb}
0x80000624:lw     t5,0x002(tp)        t5=mem[0x800016dc]=0xccddaabb
#cache_mem:irh    0x80000628          line=2,age=0,id=0x100000c,block[1]={0x00122e83,0x00222f03,0x00322f83,0x12b24283}
#cache_mem:drh    0x800016dd          line=5,age=0,id=0x100002d,block[1]={0x0a205c20,0x00000a0a,0xccdd0000,0xccddaabb}
0x80000628:lw     t6,0x003(tp)        t6=mem[0x800016dd]=0xccddaabb
#cache_mem:irh    0x8000062c          line=2,age=0,id=0x100000c,block[1]={0x00122e83,0x00222f03,0x00322f83,0x12b24283}
#cache_mem:drm    0x80001805          line=0,valid={0,0},age={0,0},id={0x000000,0x000000}
0x8000062c:lbu    t0,0x12b(tp)        t0=mem[0x80001805]=0x000000aa
#cache_mem:irm    0x80000630          line=3,valid={1,1},age={62,30},id={0x100000a,0x100000b}
#cache_mem:drh    0x80001804          line=0,age=0,id=0x1000030,block[0]={0xccddaabb,0xccddaabb,0xccddaabb,0xccddaabb}
0x80000630:lbu    t1,0x12a(tp)        t1=mem[0x80001804]=0x000000bb
#cache_mem:irh    0x80000634          line=3,age=0,id=0x100000c,block[0]={0x12a24303,0x12924383,0x12824e03,0x12724e83}
#cache_mem:drh    0x80001803          line=0,age=0,id=0x1000030,block[0]={0xccddaabb,0xccddaabb,0xccddaabb,0xccddaabb}
0x80000634:lbu    t2,0x129(tp)        t2=mem[0x80001803]=0x000000cc
#cache_mem:irh    0x80000638          line=3,age=0,id=0x100000c,block[0]={0x12a24303,0x12924383,0x12824e03,0x12724e83}
#cache_mem:drh    0x80001802          line=0,age=0,id=0x1000030,block[0]={0xccddaabb,0xccddaabb,0xccddaabb,0xccddaabb}
0x80000638:lbu    t3,0x128(tp)        t3=mem[0x80001802]=0x000000dd
#cache_mem:irh    0x8000063c          line=3,age=0,id=0x100000c,block[0]={0x12a24303,0x12924383,0x12824e03,0x12724e83}
#cache_mem:drh    0x80001801          line=0,age=0,id=0x1000030,block[0]={0xccddaabb,0xccddaabb,0xccddaabb,0xccddaabb}
0x8000063c:lbu    t4,0x127(tp)        t4=mem[0x80001801]=0x000000aa
#cache_mem:irm    0x80000640          line=4,valid={1,1},age={285,62},id={0x100000b,0x100000a}
#cache_mem:drh    0x80001800          line=0,age=0,id=0x1000030,block[0]={0xccddaabb,0xccddaabb,0xccddaabb,0xccddaabb}
0x80000640:lbu    t5,0x126(tp)        t5=mem[0x80001800]=0x000000bb
#cache_mem:irh    0x80000644          line=4,age=0,id=0x100000c,block[0]={0x12624f03,0x12724f83,0x000f8293,0x01f29063}
#cache_mem:drh    0x80001801          line=0,age=0,id=0x1000030,block[0]={0xccddaabb,0xccddaabb,0xccddaabb,0xccddaabb}
0x80000644:lbu    t6,0x127(tp)        t6=mem[0x80001801]=0x000000aa
#cache_mem:irh    0x80000648          line=4,age=0,id=0x100000c,block[0]={0x12624f03,0x12724f83,0x000f8293,0x01f29063}
0x80000648:addi   t0,t6,0x000         t0=0x000000aa+0x00000000=0x000000aa
#cache_mem:irh    0x8000064c          line=4,age=0,id=0x100000c,block[0]={0x12624f03,0x12724f83,0x000f8293,0x01f29063}
0x8000064c:bne    t0,t6,0x000         (0x000000aa!=0x000000aa)=0->pc=0x80000650
#cache_mem:irm    0x80000650          line=5,valid={1,1},age={62,285},id={0x100000a,0x100000b}
#cache_mem:drm    0x800017a0          line=2,valid={0,0},age={0,0},id={0x000000,0x000000}
0x80000650:lhu    t0,0x0c6(tp)        t0=mem[0x800017a0]=0x0000aabb
#cache_mem:irh    0x80000654          line=5,age=0,id=0x100000c,block[1]={0x0c625283,0x0c525303,0x0c425383,0x0c325e03}
#cache_mem:drm    0x8000179f          line=1,valid={0,0},age={0,0},id={0x000000,0x000000}
0x80000654:lhu    t1,0x0c5(tp)        t1=mem[0x8000179f]=0x000000cc
#cache_mem:irh    0x80000658          line=5,age=0,id=0x100000c,block[1]={0x0c625283,0x0c525303,0x0c425383,0x0c325e03}
#cache_mem:drh    0x8000179e          line=1,age=0,id=0x100002f,block[0]={0xccddaabb,0xccddaabb,0xccddaabb,0xccddaabb}
0x80000658:lhu    t2,0x0c4(tp)        t2=mem[0x8000179e]=0x0000ccdd
#cache_mem:irh    0x8000065c          line=5,age=0,id=0x100000c,block[1]={0x0c625283,0x0c525303,0x0c425383,0x0c325e03}
#cache_mem:drh    0x8000179d          line=1,age=0,id=0x100002f,block[0]={0xccddaabb,0xccddaabb,0xccddaabb,0xccddaabb}
0x8000065c:lhu    t3,0x0c3(tp)        t3=mem[0x8000179d]=0x0000ddaa
#cache_mem:irm    0x80000660          line=6,valid={1,1},age={62,285},id={0x100000a,0x100000b}
#cache_mem:drh    0x8000179c          line=1,age=0,id=0x100002f,block[0]={0xccddaabb,0xccddaabb,0xccddaabb,0xccddaabb}
0x80000660:lhu    t4,0x0c2(tp)        t4=mem[0x8000179c]=0x0000aabb
#cache_mem:irh    0x80000664          line=6,age=0,id=0x100000c,block[1]={0x0c225e83,0x0c025f03,0x3ed21f83,0x001e0e93}
#cache_mem:drh    0x8000179a          line=1,age=0,id=0x100002f,block[0]={0xccddaabb,0xccddaabb,0xccddaabb,0xccddaabb}
0x80000664:lhu    t5,0x0c0(tp)        t5=mem[0x8000179a]=0x0000ccdd
#cache_mem:irh    0x80000668          line=6,age=0,id=0x100000c,block[1]={0x0c225e83,0x0c025f03,0x3ed21f83,0x001e0e93}
#cache_mem:drm    0x80001ac7          line=4,valid={0,0},age={0,0},id={0x000000,0x000000}
0x80000668:lh     t6,0x3ed(tp)        t6=mem[0x80001ac7]=0x00000000
#cache_mem:irh    0x8000066c          line=6,age=0,id=0x100000c,block[1]={0x0c225e83,0x0c025f03,0x3ed21f83,0x001e0e93}
0x8000066c:addi   t4,t3,0x001         t4=0x0000ddaa+0x00000001=0x0000ddab
#cache_mem:irm    0x80000670          line=7,valid={1,1},age={44,285},id={0x1000013,0x100000b}
0x80000670:beq    t3,t4,0x000         (0x0000ddaa==0x0000ddab)=0->pc=0x80000674
#cache_mem:irh    0x80000674          line=7,age=0,id=0x100000c,block[1]={0x01de0063,0x00020283,0x005203a3,0x00120303}
#cache_mem:drh    0x800016da          line=5,age=0,id=0x100002d,block[1]={0x0a205c20,0x00000a0a,0xccdd0000,0xccddaabb}
0x80000674:lb     t0,0x000(tp)        t0=mem[0x800016da]=0xffffffdd
#cache_mem:irh    0x80000678          line=7,age=0,id=0x100000c,block[1]={0x01de0063,0x00020283,0x005203a3,0x00120303}
#cache_mem:dwm    0x800016e1          line=6,valid={1,1},age={25,22},id={0x1000030,0x10000ff}
0x80000678:sb     t0,0x007(tp)        mem[0x800016e1]=0xdd
#cache_mem:irh    0x8000067c          line=7,age=0,id=0x100000c,block[1]={0x01de0063,0x00020283,0x005203a3,0x00120303}
#cache_mem:drh    0x800016db          line=5,age=0,id=0x100002d,block[1]={0x0a205c20,0x00000a0a,0xccdd0000,0xccddaabb}
0x8000067c:lb     t1,0x001(tp)        t1=mem[0x800016db]=0xffffffcc
#cache_mem:irm    0x80000680          line=0,valid={1,1},age={285,62},id={0x100000c,0x100000b}
#cache_mem:dwm    0x800016e0          line=6,valid={1,1},age={27,24},id={0x1000030,0x10000ff}
0x80000680:sb     t1,0x006(tp)        mem[0x800016e0]=0xcc
#cache_mem:irh    0x80000684          line=0,age=0,id=0x100000d,block[0]={0x00620323,0x00220383,0x007202a3,0x00320e03}
#cache_mem:drh    0x800016dc          line=5,age=0,id=0x100002d,block[1]={0x0a205c20,0x00000a0a,0xccdd0000,0xccddaabb}
0x80000684:lb     t2,0x002(tp)        t2=mem[0x800016dc]=0xffffffbb
#cache_mem:irh    0x80000688          line=0,age=0,id=0x100000d,block[0]={0x00620323,0x00220383,0x007202a3,0x00320e03}
#cache_mem:dwh    0x800016df          line=5,age=0,id=0x100002d,block[1]={0x0a205c20,0x00000a0a,0xccdd0000,0xbbddaabb}
0x80000688:sb     t2,0x005(tp)        mem[0x800016df]=0xbb
#cache_mem:irh    0x8000068c          line=0,age=0,id=0x100000d,block[0]={0x00620323,0x00220383,0x007202a3,0x00320e03}
#cache_mem:drh    0x800016dd          line=5,age=0,id=0x100002d,block[1]={0x0a205c20,0x00000a0a,0xccdd0000,0xbbddaabb}
0x8000068c:lb     t3,0x003(tp)        t3=mem[0x800016dd]=0xffffffaa
#cache_mem:irm    0x80000690          line=1,valid={1,1},age={285,62},id={0x100000c,0x100000b}
#cache_mem:dwh    0x800016de          line=5,age=0,id=0x100002d,block[1]={0x0a205c20,0x00000a0a,0xccdd0000,0xbbaaaabb}
0x80000690:sb     t3,0x004(tp)        mem[0x800016de]=0xaa
#cache_mem:irh    0x80000694          line=1,age=0,id=0x100000d,block[0]={0x01c20223,0x00422e83,0x01ced063,0x06f25f03}
#cache_mem:drh    0x800016de          line=5,age=0,id=0x100002d,block[1]={0x0a205c20,0x00000a0a,0xccdd0000,0xbbaaaabb}
0x80000694:lw     t4,0x004(tp)        t4=mem[0x800016de]=0xbbaaaabb
#cache_mem:irh    0x80000698          line=1,age=0,id=0x100000d,block[0]={0x01c20223,0x00422e83,0x01ced063,0x06f25f03}
0x80000698:bge    t4,t3,0x000         (0xbbaaaabb>=0xffffffaa)=0->pc=0x8000069c
#cache_mem:irh    0x8000069c          line=1,age=0,id=0x100000d,block[0]={0x01c20223,0x00422e83,0x01ced063,0x06f25f03}
#cache_mem:drm    0x80001749          line=4,valid={1,0},age={10,0},id={0x1000035,0x000000}
0x8000069c:lhu    t5,0x06f(tp)        t5=mem[0x80001749]=0x0000ddaa
#cache_mem:irm    0x800006a0          line=2,valid={1,1},age={62,285},id={0x100000b,0x100000c}
#cache_mem:dwh    0x80001749          line=4,age=0,id=0x100002e,block[1]={0xccddaabb,0xccddaabb,0xccddaabb,0xccddaabb}
0x800006a0:sh     t5,0x06f(tp)        mem[0x80001749]=0xddaa
#cache_mem:irh    0x800006a4          line=2,age=0,id=0x100000d,block[1]={0x07e217a3,0x0de25f83,0x0df21f23,0x14d22283}
#cache_mem:drm    0x800017b8          line=3,valid={0,0},age={0,0},id={0x000000,0x000000}
0x800006a4:lhu    t6,0x0de(tp)        t6=mem[0x800017b8]=0x0000aabb
#cache_mem:irh    0x800006a8          line=2,age=0,id=0x100000d,block[1]={0x07e217a3,0x0de25f83,0x0df21f23,0x14d22283}
#cache_mem:dwh    0x800017b8          line=3,age=0,id=0x100002f,block[0]={0xccddaabb,0xccddaabb,0xccddaabb,0xccddaabb}
0x800006a8:sh     t6,0x0de(tp)        mem[0x800017b8]=0xaabb
#cache_mem:irh    0x800006ac          line=2,age=0,id=0x100000d,block[1]={0x07e217a3,0x0de25f83,0x0df21f23,0x14d22283}
#cache_mem:drm    0x80001827          line=2,valid={1,0},age={20,0},id={0x100002f,0x000000}
0x800006ac:lw     t0,0x14d(tp)        t0=mem[0x80001827]=0xccddaabb
#cache_mem:irm    0x800006b0          line=3,valid={1,1},age={285,62},id={0x100000c,0x100000b}
#cache_mem:drm    0x80001896          line=1,valid={1,0},age={16,0},id={0x100002f,0x000000}
0x800006b0:lw     t1,0x1bc(tp)        t1=mem[0x80001896]=0x00000000
#cache_mem:irh    0x800006b4          line=3,age=0,id=0x100000d,block[0]={0x1bc22303,0x00628063,0x22b22283,0x225225a3}
0x800006b4:beq    t0,t1,0x000         (0xccddaabb==0x00000000)=0->pc=0x800006b8
#cache_mem:irh    0x800006b8          line=3,age=0,id=0x100000d,block[0]={0x1bc22303,0x00628063,0x22b22283,0x225225a3}
#cache_mem:drm    0x80001905          line=0,valid={1,0},age={23,0},id={0x1000030,0x000000}
0x800006b8:lw     t0,0x22b(tp)        t0=mem[0x80001905]=0x00000000
#cache_mem:irh    0x800006bc          line=3,age=0,id=0x100000d,block[0]={0x1bc22303,0x00628063,0x22b22283,0x225225a3}
#cache_mem:dwh    0x80001905          line=0,age=0,id=0x1000032,block[1]={0x00000000,0x00000000,0x00000000,0x00000000}
0x800006bc:sw     t0,0x22b(tp)        mem[0x80001905]=0x00000000
#cache_mem:irm    0x800006c0          line=4,valid={1,1},age={285,94},id={0x100000c,0x100000a}
#cache_mem:drm    0x80001974          line=7,valid={1,0},age={35,0},id={0x1000013,0x000000}
0x800006c0:lw     t1,0x29a(tp)        t1=mem[0x80001974]=0x00000000
#cache_mem:irh    0x800006c4          line=4,age=0,id=0x100000d,block[0]={0x29a22303,0x28622d23,0x30922383,0x307224a3}
#cache_mem:dwh    0x80001974          line=7,age=0,id=0x1000032,block[1]={0x00000000,0x00000000,0x00000000,0x00000000}
0x800006c4:sw     t1,0x29a(tp)        mem[0x80001974]=0x00000000
#cache_mem:irh    0x800006c8          line=4,age=0,id=0x100000d,block[0]={0x29a22303,0x28622d23,0x30922383,0x307224a3}
#cache_mem:drm    0x800019e3          line=6,valid={1,1},age={43,40},id={0x1000030,0x10000ff}
0x800006c8:lw     t2,0x309(tp)        t2=mem[0x800019e3]=0x00000000
#cache_mem:irh    0x800006cc          line=4,age=0,id=0x100000d,block[0]={0x29a22303,0x28622d23,0x30922383,0x307224a3}
#cache_mem:dwh    0x800019e3          line=6,age=0,id=0x1000033,block[0]={0x00000000,0x00000000,0x00000000,0x00000000}
0x800006cc:sw     t2,0x309(tp)        mem[0x800019e3]=0x00000000
#cache_mem:irm    0x800006d0          line=5,valid={1,1},age={94,285},id={0x100000a,0x100000c}
0x800006d0:bltu   t2,t1,0x000         (0x00000000<0x00000000)=0->pc=0x800006d4
#cache_mem:irh    0x800006d4          line=5,age=0,id=0x100000d,block[1]={0x0063e063,0x00420293,0x18c00313,0x00430333}
0x800006d4:addi   t0,tp,0x004         t0=0x800016da+0x00000004=0x800016de
#cache_mem:irh    0x800006d8          line=5,age=0,id=0x100000d,block[1]={0x0063e063,0x00420293,0x18c00313,0x00430333}
0x800006d8:addi   t1,zero,0x18c       t1=0x00000000+0x0000018c=0x0000018c
#cache_mem:irh    0x800006dc          line=5,age=0,id=0x100000d,block[1]={0x0063e063,0x00420293,0x18c00313,0x00430333}
0x800006dc:add    t1,t1,tp            t1=0x0000018c+0x800016da=0x80001866
#cache_mem:irm    0x800006e0          line=6,valid={1,1},age={94,285},id={0x100000a,0x100000c}
#cache_mem:drm    0x800016e0          line=6,valid={1,1},age={1,42},id={0x1000033,0x10000ff}
0x800006e0:lb     t2,0x002(t0)        t2=mem[0x800016e0]=0xffffffcc
#cache_mem:irh    0x800006e4          line=6,age=0,id=0x100000d,block[1]={0x00228383,0x00329e03,0x0042ae03,0x0052ce83}
#cache_mem:drh    0x800016e1          line=6,age=0,id=0x100002d,block[1]={0xccddddcc,0xccddaabb,0xccddaabb,0xccddaabb}
0x800006e4:lh     t3,0x003(t0)        t3=mem[0x800016e1]=0xffffdddd
#cache_mem:irh    0x800006e8          line=6,age=0,id=0x100000d,block[1]={0x00228383,0x00329e03,0x0042ae03,0x0052ce83}
#cache_mem:drh    0x800016e2          line=6,age=0,id=0x100002d,block[1]={0xccddddcc,0xccddaabb,0xccddaabb,0xccddaabb}
0x800006e8:lw     t3,0x004(t0)        t3=mem[0x800016e2]=0xccddddcc
#cache_mem:irh    0x800006ec          line=6,age=0,id=0x100000d,block[1]={0x00228383,0x00329e03,0x0042ae03,0x0052ce83}
#cache_mem:drh    0x800016e3          line=6,age=0,id=0x100002d,block[1]={0xccddddcc,0xccddaabb,0xccddaabb,0xccddaabb}
0x800006ec:lbu    t4,0x005(t0)        t4=mem[0x800016e3]=0x000000cc
#cache_mem:irm    0x800006f0          line=7,valid={1,1},age={76,285},id={0x1000013,0x100000c}
#cache_mem:drh    0x800016e4          line=6,age=0,id=0x100002d,block[1]={0xccddddcc,0xccddaabb,0xccddaabb,0xccddaabb}
0x800006f0:lhu    t5,0x006(t0)        t5=mem[0x800016e4]=0x0000aabb
#cache_mem:irh    0x800006f4          line=7,age=0,id=0x100000d,block[1]={0x0062df03,0xfe728fa3,0xffc29f23,0xffd2ae23}
#cache_mem:dwh    0x800016dd          line=5,age=0,id=0x100002d,block[1]={0x0a205c20,0x00000a0a,0xccdd0000,0xbbaaccbb}
0x800006f4:sb     t2,0xfff(t0)        mem[0x800016dd]=0xcc
#cache_mem:irh    0x800006f8          line=7,age=0,id=0x100000d,block[1]={0x0062df03,0xfe728fa3,0xffc29f23,0xffd2ae23}
#cache_mem:dwh    0x800016dc          line=5,age=0,id=0x100002d,block[1]={0x0a205c20,0x00000a0a,0xccdd0000,0xbbaaddcc}
0x800006f8:sh     t3,0xffe(t0)        mem[0x800016dc]=0xddcc
#cache_mem:irh    0x800006fc          line=7,age=0,id=0x100000d,block[1]={0x0062df03,0xfe728fa3,0xffc29f23,0xffd2ae23}
#cache_mem:dwh    0x800016da          line=5,age=0,id=0x100002d,block[1]={0x0a205c20,0x00000a0a,0x000000cc,0xbbaaddcc}
0x800006fc:sw     t4,0xffc(t0)        mem[0x800016da]=0x000000cc
#cache_mem:irm    0x80000700          line=0,valid={1,1},age={285,94},id={0x100000d,0x100000b}
0x80000700:addi   t0,t0,0x001         t0=0x800016de+0x00000001=0x800016df
#cache_mem:irh    0x80000704          line=0,age=0,id=0x100000e,block[0]={0x00128293,0xfc629ee3,0x00008067,0x03b102b3}
0x80000704:bne    t0,t1,0xfee         (0x800016df!=0x80001866)=1->pc=0x800006e0
#cache_mem:irh    0x800006e0          line=6,age=0,id=0x100000d,block[1]={0x00228383,0x00329e03,0x0042ae03,0x0052ce83}
#cache_mem:drh    0x800016e1          line=6,age=0,id=0x100002d,block[1]={0xccddddcc,0xccddaabb,0xccddaabb,0xccddaabb}
0x800006e0:lb     t2,0x002(t0)        t2=mem[0x800016e1]=0xffffffdd
#cache_mem:irh    0x800006e4          line=6,age=0,id=0x100000d,block[1]={0x00228383,0x00329e03,0x0042ae03,0x0052ce83}
#cache_mem:drh    0x800016e2          line=6,age=0,id=0x100002d,block[1]={0xccddddcc,0xccddaabb,0xccddaabb,0xccddaabb}
0x800006e4:lh     t3,0x003(t0)        t3=mem[0x800016e2]=0xffffccdd
#cache_mem:irh    0x800006e8          line=6,age=0,id=0x100000d,block[1]={0x00228383,0x00329e03,0x0042ae03,0x0052ce83}
#cache_mem:drh    0x800016e3          line=6,age=0,id=0x100002d,block[1]={0xccddddcc,0xccddaabb,0xccddaabb,0xccddaabb}
0x800006e8:lw     t3,0x004(t0)        t3=mem[0x800016e3]=0xccddddcc
#cache_mem:irh    0x800006ec          line=6,age=0,id=0x100000d,block[1]={0x00228383,0x00329e03,0x0042ae03,0x0052ce83}
#cache_mem:drh    0x800016e4          line=6,age=0,id=0x100002d,block[1]={0xccddddcc,0xccddaabb,0xccddaabb,0xccddaabb}
0x800006ec:lbu    t4,0x005(t0)        t4=mem[0x800016e4]=0x000000bb
#cache_mem:irh    0x800006f0          line=7,age=0,id=0x100000d,block[1]={0x0062df03,0xfe728fa3,0xffc29f23,0xffd2ae23}
#cache_mem:drh    0x800016e5          line=6,age=0,id=0x100002d,block[1]={0xccddddcc,0xccddaabb,0xccddaabb,0xccddaabb}
0x800006f0:lhu    t5,0x006(t0)        t5=mem[0x800016e5]=0x0000ddaa
#cache_mem:irh    0x800006f4          line=7,age=0,id=0x100000d,block[1]={0x0062df03,0xfe728fa3,0xffc29f23,0xffd2ae23}
#cache_mem:dwh    0x800016de          line=5,age=0,id=0x100002d,block[1]={0x0a205c20,0x00000a0a,0x000000cc,0xbbddddcc}
0x800006f4:sb     t2,0xfff(t0)        mem[0x800016de]=0xdd
#cache_mem:irh    0x800006f8          line=7,age=0,id=0x100000d,block[1]={0x0062df03,0xfe728fa3,0xffc29f23,0xffd2ae23}
#cache_mem:dwh    0x800016dd          line=5,age=0,id=0x100002d,block[1]={0x0a205c20,0x00000a0a,0x000000cc,0xbbddcccc}
0x800006f8:sh     t3,0xffe(t0)        mem[0x800016dd]=0xddcc
#cache_mem:irh    0x800006fc          line=7,age=0,id=0x100000d,block[1]={0x0062df03,0xfe728fa3,0xffc29f23,0xffd2ae23}
#cache_mem:dwh    0x800016db          line=5,age=0,id=0x100002d,block[1]={0x0a205c20,0x00000a0a,0x000000bb,0xbbddcccc}
0x800006fc:sw     t4,0xffc(t0)        mem[0x800016db]=0x000000bb
#cache_mem:irh    0x80000700          line=0,age=0,id=0x100000e,block[0]={0x00128293,0xfc629ee3,0x00008067,0x03b102b3}
0x80000700:addi   t0,t0,0x001         t0=0x800016df+0x00000001=0x800016e0
#cache_mem:irh    0x80000704          line=0,age=0,id=0x100000e,block[0]={0x00128293,0xfc629ee3,0x00008067,0x03b102b3}
0x80000704:bne    t0,t1,0xfee         (0x800016e0!=0x80001866)=1->pc=0x800006e0
#cache_mem:irh    0x800006e0          line=6,age=0,id=0x100000d,block[1]={0x00228383,0x00329e03,0x0042ae03,0x0052ce83}
#cache_mem:drh    0x800016e2          line=6,age=0,id=0x100002d,block[1]={0xccddddcc,0xccddaabb,0xccddaabb,0xccddaabb}
0x800006e0:lb     t2,0x002(t0)        t2=mem[0x800016e2]=0xffffffdd
#cache_mem:irh    0x800006e4          line=6,age=0,id=0x100000d,block[1]={0x00228383,0x00329e03,0x0042ae03,0x0052ce83}
#cache_mem:drh    0x800016e3          line=6,age=0,id=0x100002d,block[1]={0xccddddcc,0xccddaabb,0xccddaabb,0xccddaabb}
0x800006e4:lh     t3,0x003(t0)        t3=mem[0x800016e3]=0x000000cc
#cache_mem:irh    0x800006e8          line=6,age=0,id=0x100000d,block[1]={0x00228383,0x00329e03,0x0042ae03,0x0052ce83}
#cache_mem:drh    0x800016e4          line=6,age=0,id=0x100002d,block[1]={0xccddddcc,0xccddaabb,0xccddaabb,0xccddaabb}
0x800006e8:lw     t3,0x004(t0)        t3=mem[0x800016e4]=0xccddaabb
#cache_mem:irh    0x800006ec          line=6,age=0,id=0x100000d,block[1]={0x00228383,0x00329e03,0x0042ae03,0x0052ce83}
#cache_mem:drh    0x800016e5          line=6,age=0,id=0x100002d,block[1]={0xccddddcc,0xccddaabb,0xccddaabb,0xccddaabb}
0x800006ec:lbu    t4,0x005(t0)        t4=mem[0x800016e5]=0x000000aa
#cache_mem:irh    0x800006f0          line=7,age=0,id=0x100000d,block[1]={0x0062df03,0xfe728fa3,0xffc29f23,0xffd2ae23}
#cache_mem:drh    0x800016e6          line=6,age=0,id=0x100002d,block[1]={0xccddddcc,0xccddaabb,0xccddaabb,0xccddaabb}
0x800006f0:lhu    t5,0x006(t0)        t5=mem[0x800016e6]=0x0000ccdd
#cache_mem:irh    0x800006f4          line=7,age=0,id=0x100000d,block[1]={0x0062df03,0xfe728fa3,0xffc29f23,0xffd2ae23}
#cache_mem:dwh    0x800016df          line=5,age=0,id=0x100002d,block[1]={0x0a205c20,0x00000a0a,0x000000bb,0xddddcccc}
0x800006f4:sb     t2,0xfff(t0)        mem[0x800016df]=0xdd
#cache_mem:irh    0x800006f8          line=7,age=0,id=0x100000d,block[1]={0x0062df03,0xfe728fa3,0xffc29f23,0xffd2ae23}
#cache_mem:dwh    0x800016de          line=5,age=0,id=0x100002d,block[1]={0x0a205c20,0x00000a0a,0x000000bb,0xffbbcccc}
0x800006f8:sh     t3,0xffe(t0)        mem[0x800016de]=0xaabb
#cache_mem:irh    0x800006fc          line=7,age=0,id=0x100000d,block[1]={0x0062df03,0xfe728fa3,0xffc29f23,0xffd2ae23}
#cache_mem:dwh    0x800016dc          line=5,age=0,id=0x100002d,block[1]={0x0a205c20,0x00000a0a,0x000000bb,0x000000aa}
0x800006fc:sw     t4,0xffc(t0)        mem[0x800016dc]=0x000000aa
#cache_mem:irh    0x80000700          line=0,age=0,id=0x100000e,block[0]={0x00128293,0xfc629ee3,0x00008067,0x03b102b3}
0x80000700:addi   t0,t0,0x001         t0=0x800016e0+0x00000001=0x800016e1
#cache_mem:irh    0x80000704          line=0,age=0,id=0x100000e,block[0]={0x00128293,0xfc629ee3,0x00008067,0x03b102b3}
0x80000704:bne    t0,t1,0xfee         (0x800016e1!=0x80001866)=1->pc=0x800006e0
#cache_mem:irh    0x800006e0          line=6,age=0,id=0x100000d,block[1]={0x00228383,0x00329e03,0x0042ae03,0x0052ce83}
#cache_mem:drh    0x800016e3          line=6,age=0,id=0x100002d,block[1]={0xccddddcc,0xccddaabb,0xccddaabb,0xccddaabb}
0x800006e0:lb     t2,0x002(t0)        t2=mem[0x800016e3]=0xffffffcc
#cache_mem:irh    0x800006e4          line=6,age=0,id=0x100000d,block[1]={0x00228383,0x00329e03,0x0042ae03,0x0052ce83}
#cache_mem:drh    0x800016e4          line=6,age=0,id=0x100002d,block[1]={0xccddddcc,0xccddaabb,0xccddaabb,0xccddaabb}
0x800006e4:lh     t3,0x003(t0)        t3=mem[0x800016e4]=0xffffaabb
#cache_mem:irh    0x800006e8          line=6,age=0,id=0x100000d,block[1]={0x00228383,0x00329e03,0x0042ae03,0x0052ce83}
#cache_mem:drh    0x800016e5          line=6,age=0,id=0x100002d,block[1]={0xccddddcc,0xccddaabb,0xccddaabb,0xccddaabb}
0x800006e8:lw     t3,0x004(t0)        t3=mem[0x800016e5]=0xccddaabb
#cache_mem:irh    0x800006ec          line=6,age=0,id=0x100000d,block[1]={0x00228383,0x00329e03,0x0042ae03,0x0052ce83}
#cache_mem:drh    0x800016e6          line=6,age=0,id=0x100002d,block[1]={0xccddddcc,0xccddaabb,0xccddaabb,0xccddaabb}
0x800006ec:lbu    t4,0x005(t0)        t4=mem[0x800016e6]=0x000000dd
#cache_mem:irh    0x800006f0          line=7,age=0,id=0x100000d,block[1]={0x0062df03,0xfe728fa3,0xffc29f23,0xffd2ae23}
#cache_mem:drh    0x800016e7          line=6,age=0,id=0x100002d,block[1]={0xccddddcc,0xccddaabb,0xccddaabb,0xccddaabb}
0x800006f0:lhu    t5,0x006(t0)        t5=mem[0x800016e7]=0x000000cc
#cache_mem:irh    0x800006f4          line=7,age=0,id=0x100000d,block[1]={0x0062df03,0xfe728fa3,0xffc29f23,0xffd2ae23}
#cache_mem:dwh    0x800016e0          line=6,age=0,id=0x100002d,block[1]={0xccddddcc,0xccddaabb,0xccddaabb,0xccddaabb}
0x800006f4:sb     t2,0xfff(t0)        mem[0x800016e0]=0xcc
#cache_mem:irh    0x800006f8          line=7,age=0,id=0x100000d,block[1]={0x0062df03,0xfe728fa3,0xffc29f23,0xffd2ae23}
#cache_mem:dwh    0x800016df          line=5,age=0,id=0x100002d,block[1]={0x0a205c20,0x00000a0a,0x000000bb,0xbb0000aa}
0x800006f8:sh     t3,0xffe(t0)        mem[0x800016df]=0xaabb
#cache_mem:irh    0x800006fc          line=7,age=0,id=0x100000d,block[1]={0x0062df03,0xfe728fa3,0xffc29f23,0xffd2ae23}
#cache_mem:dwh    0x800016dd          line=5,age=0,id=0x100002d,block[1]={0x0a205c20,0x00000a0a,0x000000bb,0x000000dd}
0x800006fc:sw     t4,0xffc(t0)        mem[0x800016dd]=0x000000dd
#cache_mem:irh    0x80000700          line=0,age=0,id=0x100000e,block[0]={0x00128293,0xfc629ee3,0x00008067,0x03b102b3}
0x80000700:addi   t0,t0,0x001         t0=0x800016e1+0x00000001=0x800016e2
#cache_mem:irh    0x80000704          line=0,age=0,id=0x100000e,block[0]={0x00128293,0xfc629ee3,0x00008067,0x03b102b3}
0x80000704:bne    t0,t1,0xfee         (0x800016e2!=0x80001866)=1->pc=0x800006e0
#cache_mem:irh    0x800006e0          line=6,age=0,id=0x100000d,block[1]={0x00228383,0x00329e03,0x0042ae03,0x0052ce83}
#cache_mem:drh    0x800016e4          line=6,age=0,id=0x100002d,block[1]={0xccddddcc,0xccddaabb,0xccddaabb,0xccddaabb}
0x800006e0:lb     t2,0x002(t0)        t2=mem[0x800016e4]=0xffffffbb
#cache_mem:irh    0x800006e4          line=6,age=0,id=0x100000d,block[1]={0x00228383,0x00329e03,0x0042ae03,0x0052ce83}
#cache_mem:drh    0x800016e5          line=6,age=0,id=0x100002d,block[1]={0xccddddcc,0xccddaabb,0xccddaabb,0xccddaabb}
0x800006e4:lh     t3,0x003(t0)        t3=mem[0x800016e5]=0xffffddaa
#cache_mem:irh    0x800006e8          line=6,age=0,id=0x100000d,block[1]={0x00228383,0x00329e03,0x0042ae03,0x0052ce83}
#cache_mem:drh    0x800016e6          line=6,age=0,id=0x100002d,block[1]={0xccddddcc,0xccddaabb,0xccddaabb,0xccddaabb}
0x800006e8:lw     t3,0x004(t0)        t3=mem[0x800016e6]=0xccddaabb
#cache_mem:irh    0x800006ec          line=6,age=0,id=0x100000d,block[1]={0x00228383,0x00329e03,0x0042ae03,0x0052ce83}
#cache_mem:drh    0x800016e7          line=6,age=0,id=0x100002d,block[1]={0xccddddcc,0xccddaabb,0xccddaabb,0xccddaabb}
0x800006ec:lbu    t4,0x005(t0)        t4=mem[0x800016e7]=0x000000cc
#cache_mem:irh    0x800006f0          line=7,age=0,id=0x100000d,block[1]={0x0062df03,0xfe728fa3,0xffc29f23,0xffd2ae23}
#cache_mem:drh    0x800016e8          line=6,age=0,id=0x100002d,block[1]={0xccddddcc,0xccddaabb,0xccddaabb,0xccddaabb}
0x800006f0:lhu    t5,0x006(t0)        t5=mem[0x800016e8]=0x0000aabb
#cache_mem:irh    0x800006f4          line=7,age=0,id=0x100000d,block[1]={0x0062df03,0xfe728fa3,0xffc29f23,0xffd2ae23}
#cache_mem:dwh    0x800016e1          line=6,age=0,id=0x100002d,block[1]={0xccddbbcc,0xccddaabb,0xccddaabb,0xccddaabb}
0x800006f4:sb     t2,0xfff(t0)        mem[0x800016e1]=0xbb
#cache_mem:irh    0x800006f8          line=7,age=0,id=0x100000d,block[1]={0x0062df03,0xfe728fa3,0xffc29f23,0xffd2ae23}
#cache_mem:dwh    0x800016e0          line=6,age=0,id=0x100002d,block[1]={0xccddbbbb,0xccddaabb,0xccddaabb,0xccddaabb}
0x800006f8:sh     t3,0xffe(t0)        mem[0x800016e0]=0xaabb
#cache_mem:irh    0x800006fc          line=7,age=0,id=0x100000d,block[1]={0x0062df03,0xfe728fa3,0xffc29f23,0xffd2ae23}
#cache_mem:dwh    0x800016de          line=5,age=0,id=0x100002d,block[1]={0x0a205c20,0x00000a0a,0x000000bb,0x000000cc}
0x800006fc:sw     t4,0xffc(t0)        mem[0x800016de]=0x000000cc
#cache_mem:irh    0x80000700          line=0,age=0,id=0x100000e,block[0]={0x00128293,0xfc629ee3,0x00008067,0x03b102b3}
0x80000700:addi   t0,t0,0x001         t0=0x800016e2+0x00000001=0x800016e3
#cache_mem:irh    0x80000704          line=0,age=0,id=0x100000e,block[0]={0x00128293,0xfc629ee3,0x00008067,0x03b102b3}
0x80000704:bne    t0,t1,0xfee         (0x800016e3!=0x80001866)=1->pc=0x800006e0
#cache_mem:irh    0x800006e0          line=6,age=0,id=0x100000d,block[1]={0x00228383,0x00329e03,0x0042ae03,0x0052ce83}
#cache_mem:drh    0x800016e5          line=6,age=0,id=0x100002d,block[1]={0xccddbbbb,0xccddaabb,0xccddaabb,0xccddaabb}
0x800006e0:lb     t2,0x002(t0)        t2=mem[0x800016e5]=0xffffffaa
#cache_mem:irh    0x800006e4          line=6,age=0,id=0x100000d,block[1]={0x00228383,0x00329e03,0x0042ae03,0x0052ce83}
#cache_mem:drh    0x800016e6          line=6,age=0,id=0x100002d,block[1]={0xccddbbbb,0xccddaabb,0xccddaabb,0xccddaabb}
0x800006e4:lh     t3,0x003(t0)        t3=mem[0x800016e6]=0xffffccdd
#cache_mem:irh    0x800006e8          line=6,age=0,id=0x100000d,block[1]={0x00228383,0x00329e03,0x0042ae03,0x0052ce83}
#cache_mem:drh    0x800016e7          line=6,age=0,id=0x100002d,block[1]={0xccddbbbb,0xccddaabb,0xccddaabb,0xccddaabb}
0x800006e8:lw     t3,0x004(t0)        t3=mem[0x800016e7]=0xccddaabb
#cache_mem:irh    0x800006ec          line=6,age=0,id=0x100000d,block[1]={0x00228383,0x00329e03,0x0042ae03,0x0052ce83}
#cache_mem:drh    0x800016e8          line=6,age=0,id=0x100002d,block[1]={0xccddbbbb,0xccddaabb,0xccddaabb,0xccddaabb}
0x800006ec:lbu    t4,0x005(t0)        t4=mem[0x800016e8]=0x000000bb
#cache_mem:irh    0x800006f0          line=7,age=0,id=0x100000d,block[1]={0x0062df03,0xfe728fa3,0xffc29f23,0xffd2ae23}
#cache_mem:drh    0x800016e9          line=6,age=0,id=0x100002d,block[1]={0xccddbbbb,0xccddaabb,0xccddaabb,0xccddaabb}
0x800006f0:lhu    t5,0x006(t0)        t5=mem[0x800016e9]=0x0000ddaa
#cache_mem:irh    0x800006f4          line=7,age=0,id=0x100000d,block[1]={0x0062df03,0xfe728fa3,0xffc29f23,0xffd2ae23}
#cache_mem:dwh    0x800016e2          line=6,age=0,id=0x100002d,block[1]={0xccaabbbb,0xccddaabb,0xccddaabb,0xccddaabb}
0x800006f4:sb     t2,0xfff(t0)        mem[0x800016e2]=0xaa
#cache_mem:irh    0x800006f8          line=7,age=0,id=0x100000d,block[1]={0x0062df03,0xfe728fa3,0xffc29f23,0xffd2ae23}
#cache_mem:dwh    0x800016e1          line=6,age=0,id=0x100002d,block[1]={0xccaabbbb,0xccddaabb,0xccddaabb,0xccddaabb}
0x800006f8:sh     t3,0xffe(t0)        mem[0x800016e1]=0xaabb
#cache_mem:irh    0x800006fc          line=7,age=0,id=0x100000d,block[1]={0x0062df03,0xfe728fa3,0xffc29f23,0xffd2ae23}
#cache_mem:dwh    0x800016df          line=5,age=0,id=0x100002d,block[1]={0x0a205c20,0x00000a0a,0x000000bb,0x000000bb}
0x800006fc:sw     t4,0xffc(t0)        mem[0x800016df]=0x000000bb
#cache_mem:irh    0x80000700          line=0,age=0,id=0x100000e,block[0]={0x00128293,0xfc629ee3,0x00008067,0x03b102b3}
0x80000700:addi   t0,t0,0x001         t0=0x800016e3+0x00000001=0x800016e4
#cache_mem:irh    0x80000704          line=0,age=0,id=0x100000e,block[0]={0x00128293,0xfc629ee3,0x00008067,0x03b102b3}
0x80000704:bne    t0,t1,0xfee         (0x800016e4!=0x80001866)=1->pc=0x800006e0
#cache_mem:irh    0x800006e0          line=6,age=0,id=0x100000d,block[1]={0x00228383,0x00329e03,0x0042ae03,0x0052ce83}
#cache_mem:drh    0x800016e6          line=6,age=0,id=0x100002d,block[1]={0xccaabbbb,0xccddaabb,0xccddaabb,0xccddaabb}
0x800006e0:lb     t2,0x002(t0)        t2=mem[0x800016e6]=0xffffffdd
#cache_mem:irh    0x800006e4          line=6,age=0,id=0x100000d,block[1]={0x00228383,0x00329e03,0x0042ae03,0x0052ce83}
#cache_mem:drh    0x800016e7          line=6,age=0,id=0x100002d,block[1]={0xccaabbbb,0xccddaabb,0xccddaabb,0xccddaabb}
0x800006e4:lh     t3,0x003(t0)        t3=mem[0x800016e7]=0x000000cc
#cache_mem:irh    0x800006e8          line=6,age=0,id=0x100000d,block[1]={0x00228383,0x00329e03,0x0042ae03,0x0052ce83}
#cache_mem:drh    0x800016e8          line=6,age=0,id=0x100002d,block[1]={0xccaabbbb,0xccddaabb,0xccddaabb,0xccddaabb}
0x800006e8:lw     t3,0x004(t0)        t3=mem[0x800016e8]=0xccddaabb
#cache_mem:irh    0x800006ec          line=6,age=0,id=0x100000d,block[1]={0x00228383,0x00329e03,0x0042ae03,0x0052ce83}
#cache_mem:drh    0x800016e9          line=6,age=0,id=0x100002d,block[1]={0xccaabbbb,0xccddaabb,0xccddaabb,0xccddaabb}
0x800006ec:lbu    t4,0x005(t0)        t4=mem[0x800016e9]=0x000000aa
#cache_mem:irh    0x800006f0          line=7,age=0,id=0x100000d,block[1]={0x0062df03,0xfe728fa3,0xffc29f23,0xffd2ae23}
#cache_mem:drh    0x800016ea          line=6,age=0,id=0x100002d,block[1]={0xccaabbbb,0xccddaabb,0xccddaabb,0xccddaabb}
0x800006f0:lhu    t5,0x006(t0)        t5=mem[0x800016ea]=0x0000ccdd
#cache_mem:irh    0x800006f4          line=7,age=0,id=0x100000d,block[1]={0x0062df03,0xfe728fa3,0xffc29f23,0xffd2ae23}
#cache_mem:dwh    0x800016e3          line=6,age=0,id=0x100002d,block[1]={0xddaabbbb,0xccddaabb,0xccddaabb,0xccddaabb}
0x800006f4:sb     t2,0xfff(t0)        mem[0x800016e3]=0xdd
#cache_mem:irh    0x800006f8          line=7,age=0,id=0x100000d,block[1]={0x0062df03,0xfe728fa3,0xffc29f23,0xffd2ae23}
#cache_mem:dwh    0x800016e2          line=6,age=0,id=0x100002d,block[1]={0xffbbbbbb,0xccddaabb,0xccddaabb,0xccddaabb}
0x800006f8:sh     t3,0xffe(t0)        mem[0x800016e2]=0xaabb
#cache_mem:irh    0x800006fc          line=7,age=0,id=0x100000d,block[1]={0x0062df03,0xfe728fa3,0xffc29f23,0xffd2ae23}
#cache_mem:dwh    0x800016e0          line=6,age=0,id=0x100002d,block[1]={0x000000aa,0xccddaabb,0xccddaabb,0xccddaabb}
0x800006fc:sw     t4,0xffc(t0)        mem[0x800016e0]=0x000000aa
#cache_mem:irh    0x80000700          line=0,age=0,id=0x100000e,block[0]={0x00128293,0xfc629ee3,0x00008067,0x03b102b3}
0x80000700:addi   t0,t0,0x001         t0=0x800016e4+0x00000001=0x800016e5
#cache_mem:irh    0x80000704          line=0,age=0,id=0x100000e,block[0]={0x00128293,0xfc629ee3,0x00008067,0x03b102b3}
0x80000704:bne    t0,t1,0xfee         (0x800016e5!=0x80001866)=1->pc=0x800006e0
#cache_mem:irh    0x800006e0          line=6,age=0,id=0x100000d,block[1]={0x00228383,0x00329e03,0x0042ae03,0x0052ce83}
#cache_mem:drh    0x800016e7          line=6,age=0,id=0x100002d,block[1]={0x000000aa,0xccddaabb,0xccddaabb,0xccddaabb}
0x800006e0:lb     t2,0x002(t0)        t2=mem[0x800016e7]=0xffffffcc
#cache_mem:irh    0x800006e4          line=6,age=0,id=0x100000d,block[1]={0x00228383,0x00329e03,0x0042ae03,0x0052ce83}
#cache_mem:drh    0x800016e8          line=6,age=0,id=0x100002d,block[1]={0x000000aa,0xccddaabb,0xccddaabb,0xccddaabb}
0x800006e4:lh     t3,0x003(t0)        t3=mem[0x800016e8]=0xffffaabb
#cache_mem:irh    0x800006e8          line=6,age=0,id=0x100000d,block[1]={0x00228383,0x00329e03,0x0042ae03,0x0052ce83}
#cache_mem:drh    0x800016e9          line=6,age=0,id=0x100002d,block[1]={0x000000aa,0xccddaabb,0xccddaabb,0xccddaabb}
0x800006e8:lw     t3,0x004(t0)        t3=mem[0x800016e9]=0xccddaabb
#cache_mem:irh    0x800006ec          line=6,age=0,id=0x100000d,block[1]={0x00228383,0x00329e03,0x0042ae03,0x0052ce83}
#cache_mem:drh    0x800016ea          line=6,age=0,id=0x100002d,block[1]={0x000000aa,0xccddaabb,0xccddaabb,0xccddaabb}
0x800006ec:lbu    t4,0x005(t0)        t4=mem[0x800016ea]=0x000000dd
#cache_mem:irh    0x800006f0          line=7,age=0,id=0x100000d,block[1]={0x0062df03,0xfe728fa3,0xffc29f23,0xffd2ae23}
#cache_mem:drh    0x800016eb          line=6,age=0,id=0x100002d,block[1]={0x000000aa,0xccddaabb,0xccddaabb,0xccddaabb}
0x800006f0:lhu    t5,0x006(t0)        t5=mem[0x800016eb]=0x000000cc
#cache_mem:irh    0x800006f4          line=7,age=0,id=0x100000d,block[1]={0x0062df03,0xfe728fa3,0xffc29f23,0xffd2ae23}
#cache_mem:dwh    0x800016e4          line=6,age=0,id=0x100002d,block[1]={0x000000aa,0xccddaacc,0xccddaabb,0xccddaabb}
0x800006f4:sb     t2,0xfff(t0)        mem[0x800016e4]=0xcc
#cache_mem:irh    0x800006f8          line=7,age=0,id=0x100000d,block[1]={0x0062df03,0xfe728fa3,0xffc29f23,0xffd2ae23}
#cache_mem:dwh    0x800016e3          line=6,age=0,id=0x100002d,block[1]={0xbb0000aa,0xccddaacc,0xccddaabb,0xccddaabb}
0x800006f8:sh     t3,0xffe(t0)        mem[0x800016e3]=0xaabb
#cache_mem:irh    0x800006fc          line=7,age=0,id=0x100000d,block[1]={0x0062df03,0xfe728fa3,0xffc29f23,0xffd2ae23}
#cache_mem:dwh    0x800016e1          line=6,age=0,id=0x100002d,block[1]={0x000000dd,0xccddaacc,0xccddaabb,0xccddaabb}
0x800006fc:sw     t4,0xffc(t0)        mem[0x800016e1]=0x000000dd
#cache_mem:irh    0x80000700          line=0,age=0,id=0x100000e,block[0]={0x00128293,0xfc629ee3,0x00008067,0x03b102b3}
0x80000700:addi   t0,t0,0x001         t0=0x800016e5+0x00000001=0x800016e6
#cache_mem:irh    0x80000704          line=0,age=0,id=0x100000e,block[0]={0x00128293,0xfc629ee3,0x00008067,0x03b102b3}
0x80000704:bne    t0,t1,0xfee         (0x800016e6!=0x80001866)=1->pc=0x800006e0
#cache_mem:irh    0x800006e0          line=6,age=0,id=0x100000d,block[1]={0x00228383,0x00329e03,0x0042ae03,0x0052ce83}
#cache_mem:drh    0x800016e8          line=6,age=0,id=0x100002d,block[1]={0x000000dd,0xccddaacc,0xccddaabb,0xccddaabb}
0x800006e0:lb     t2,0x002(t0)        t2=mem[0x800016e8]=0xffffffbb
#cache_mem:irh    0x800006e4          line=6,age=0,id=0x100000d,block[1]={0x00228383,0x00329e03,0x0042ae03,0x0052ce83}
#cache_mem:drh    0x800016e9          line=6,age=0,id=0x100002d,block[1]={0x000000dd,0xccddaacc,0xccddaabb,0xccddaabb}
0x800006e4:lh     t3,0x003(t0)        t3=mem[0x800016e9]=0xffffddaa
#cache_mem:irh    0x800006e8          line=6,age=0,id=0x100000d,block[1]={0x00228383,0x00329e03,0x0042ae03,0x0052ce83}
#cache_mem:drh    0x800016ea          line=6,age=0,id=0x100002d,block[1]={0x000000dd,0xccddaacc,0xccddaabb,0xccddaabb}
0x800006e8:lw     t3,0x004(t0)        t3=mem[0x800016ea]=0xccddaabb
#cache_mem:irh    0x800006ec          line=6,age=0,id=0x100000d,block[1]={0x00228383,0x00329e03,0x0042ae03,0x0052ce83}
#cache_mem:drh    0x800016eb          line=6,age=0,id=0x100002d,block[1]={0x000000dd,0xccddaacc,0xccddaabb,0xccddaabb}
0x800006ec:lbu    t4,0x005(t0)        t4=mem[0x800016eb]=0x000000cc
#cache_mem:irh    0x800006f0          line=7,age=0,id=0x100000d,block[1]={0x0062df03,0xfe728fa3,0xffc29f23,0xffd2ae23}
#cache_mem:drh    0x800016ec          line=6,age=0,id=0x100002d,block[1]={0x000000dd,0xccddaacc,0xccddaabb,0xccddaabb}
0x800006f0:lhu    t5,0x006(t0)        t5=mem[0x800016ec]=0x0000aabb
#cache_mem:irh    0x800006f4          line=7,age=0,id=0x100000d,block[1]={0x0062df03,0xfe728fa3,0xffc29f23,0xffd2ae23}
#cache_mem:dwh    0x800016e5          line=6,age=0,id=0x100002d,block[1]={0x000000dd,0xccddbbcc,0xccddaabb,0xccddaabb}
0x800006f4:sb     t2,0xfff(t0)        mem[0x800016e5]=0xbb
#cache_mem:irh    0x800006f8          line=7,age=0,id=0x100000d,block[1]={0x0062df03,0xfe728fa3,0xffc29f23,0xffd2ae23}
#cache_mem:dwh    0x800016e4          line=6,age=0,id=0x100002d,block[1]={0x000000dd,0xccddbbbb,0xccddaabb,0xccddaabb}
0x800006f8:sh     t3,0xffe(t0)        mem[0x800016e4]=0xaabb
#cache_mem:irh    0x800006fc          line=7,age=0,id=0x100000d,block[1]={0x0062df03,0xfe728fa3,0xffc29f23,0xffd2ae23}
#cache_mem:dwh    0x800016e2          line=6,age=0,id=0x100002d,block[1]={0x000000cc,0xccddbbbb,0xccddaabb,0xccddaabb}
0x800006fc:sw     t4,0xffc(t0)        mem[0x800016e2]=0x000000cc
#cache_mem:irh    0x80000700          line=0,age=0,id=0x100000e,block[0]={0x00128293,0xfc629ee3,0x00008067,0x03b102b3}
0x80000700:addi   t0,t0,0x001         t0=0x800016e6+0x00000001=0x800016e7
#cache_mem:irh    0x80000704          line=0,age=0,id=0x100000e,block[0]={0x00128293,0xfc629ee3,0x00008067,0x03b102b3}
0x80000704:bne    t0,t1,0xfee         (0x800016e7!=0x80001866)=1->pc=0x800006e0
#cache_mem:irh    0x800006e0          line=6,age=0,id=0x100000d,block[1]={0x00228383,0x00329e03,0x0042ae03,0x0052ce83}
#cache_mem:drh    0x800016e9          line=6,age=0,id=0x100002d,block[1]={0x000000cc,0xccddbbbb,0xccddaabb,0xccddaabb}
0x800006e0:lb     t2,0x002(t0)        t2=mem[0x800016e9]=0xffffffaa
#cache_mem:irh    0x800006e4          line=6,age=0,id=0x100000d,block[1]={0x00228383,0x00329e03,0x0042ae03,0x0052ce83}
#cache_mem:drh    0x800016ea          line=6,age=0,id=0x100002d,block[1]={0x000000cc,0xccddbbbb,0xccddaabb,0xccddaabb}
0x800006e4:lh     t3,0x003(t0)        t3=mem[0x800016ea]=0xffffccdd
#cache_mem:irh    0x800006e8          line=6,age=0,id=0x100000d,block[1]={0x00228383,0x00329e03,0x0042ae03,0x0052ce83}
#cache_mem:drh    0x800016eb          line=6,age=0,id=0x100002d,block[1]={0x000000cc,0xccddbbbb,0xccddaabb,0xccddaabb}
0x800006e8:lw     t3,0x004(t0)        t3=mem[0x800016eb]=0xccddaabb
#cache_mem:irh    0x800006ec          line=6,age=0,id=0x100000d,block[1]={0x00228383,0x00329e03,0x0042ae03,0x0052ce83}
#cache_mem:drh    0x800016ec          line=6,age=0,id=0x100002d,block[1]={0x000000cc,0xccddbbbb,0xccddaabb,0xccddaabb}
0x800006ec:lbu    t4,0x005(t0)        t4=mem[0x800016ec]=0x000000bb
#cache_mem:irh    0x800006f0          line=7,age=0,id=0x100000d,block[1]={0x0062df03,0xfe728fa3,0xffc29f23,0xffd2ae23}
#cache_mem:drh    0x800016ed          line=6,age=0,id=0x100002d,block[1]={0x000000cc,0xccddbbbb,0xccddaabb,0xccddaabb}
0x800006f0:lhu    t5,0x006(t0)        t5=mem[0x800016ed]=0x0000ddaa
#cache_mem:irh    0x800006f4          line=7,age=0,id=0x100000d,block[1]={0x0062df03,0xfe728fa3,0xffc29f23,0xffd2ae23}
#cache_mem:dwh    0x800016e6          line=6,age=0,id=0x100002d,block[1]={0x000000cc,0xccaabbbb,0xccddaabb,0xccddaabb}
0x800006f4:sb     t2,0xfff(t0)        mem[0x800016e6]=0xaa
#cache_mem:irh    0x800006f8          line=7,age=0,id=0x100000d,block[1]={0x0062df03,0xfe728fa3,0xffc29f23,0xffd2ae23}
#cache_mem:dwh    0x800016e5          line=6,age=0,id=0x100002d,block[1]={0x000000cc,0xccaabbbb,0xccddaabb,0xccddaabb}
0x800006f8:sh     t3,0xffe(t0)        mem[0x800016e5]=0xaabb
#cache_mem:irh    0x800006fc          line=7,age=0,id=0x100000d,block[1]={0x0062df03,0xfe728fa3,0xffc29f23,0xffd2ae23}
#cache_mem:dwh    0x800016e3          line=6,age=0,id=0x100002d,block[1]={0x000000bb,0xccaabbbb,0xccddaabb,0xccddaabb}
0x800006fc:sw     t4,0xffc(t0)        mem[0x800016e3]=0x000000bb
#cache_mem:irh    0x80000700          line=0,age=0,id=0x100000e,block[0]={0x00128293,0xfc629ee3,0x00008067,0x03b102b3}
0x80000700:addi   t0,t0,0x001         t0=0x800016e7+0x00000001=0x800016e8
#cache_mem:irh    0x80000704          line=0,age=0,id=0x100000e,block[0]={0x00128293,0xfc629ee3,0x00008067,0x03b102b3}
0x80000704:bne    t0,t1,0xfee         (0x800016e8!=0x80001866)=1->pc=0x800006e0
#cache_mem:irh    0x800006e0          line=6,age=0,id=0x100000d,block[1]={0x00228383,0x00329e03,0x0042ae03,0x0052ce83}
#cache_mem:drh    0x800016ea          line=6,age=0,id=0x100002d,block[1]={0x000000bb,0xccaabbbb,0xccddaabb,0xccddaabb}
0x800006e0:lb     t2,0x002(t0)        t2=mem[0x800016ea]=0xffffffdd
#cache_mem:irh    0x800006e4          line=6,age=0,id=0x100000d,block[1]={0x00228383,0x00329e03,0x0042ae03,0x0052ce83}
#cache_mem:drh    0x800016eb          line=6,age=0,id=0x100002d,block[1]={0x000000bb,0xccaabbbb,0xccddaabb,0xccddaabb}
0x800006e4:lh     t3,0x003(t0)        t3=mem[0x800016eb]=0x000000cc
#cache_mem:irh    0x800006e8          line=6,age=0,id=0x100000d,block[1]={0x00228383,0x00329e03,0x0042ae03,0x0052ce83}
#cache_mem:drh    0x800016ec          line=6,age=0,id=0x100002d,block[1]={0x000000bb,0xccaabbbb,0xccddaabb,0xccddaabb}
0x800006e8:lw     t3,0x004(t0)        t3=mem[0x800016ec]=0xccddaabb
#cache_mem:irh    0x800006ec          line=6,age=0,id=0x100000d,block[1]={0x00228383,0x00329e03,0x0042ae03,0x0052ce83}
#cache_mem:drh    0x800016ed          line=6,age=0,id=0x100002d,block[1]={0x000000bb,0xccaabbbb,0xccddaabb,0xccddaabb}
0x800006ec:lbu    t4,0x005(t0)        t4=mem[0x800016ed]=0x000000aa
#cache_mem:irh    0x800006f0          line=7,age=0,id=0x100000d,block[1]={0x0062df03,0xfe728fa3,0xffc29f23,0xffd2ae23}
#cache_mem:drh    0x800016ee          line=6,age=0,id=0x100002d,block[1]={0x000000bb,0xccaabbbb,0xccddaabb,0xccddaabb}
0x800006f0:lhu    t5,0x006(t0)        t5=mem[0x800016ee]=0x0000ccdd
#cache_mem:irh    0x800006f4          line=7,age=0,id=0x100000d,block[1]={0x0062df03,0xfe728fa3,0xffc29f23,0xffd2ae23}
#cache_mem:dwh    0x800016e7          line=6,age=0,id=0x100002d,block[1]={0x000000bb,0xddaabbbb,0xccddaabb,0xccddaabb}
0x800006f4:sb     t2,0xfff(t0)        mem[0x800016e7]=0xdd
#cache_mem:irh    0x800006f8          line=7,age=0,id=0x100000d,block[1]={0x0062df03,0xfe728fa3,0xffc29f23,0xffd2ae23}
#cache_mem:dwh    0x800016e6          line=6,age=0,id=0x100002d,block[1]={0x000000bb,0xffbbbbbb,0xccddaabb,0xccddaabb}
0x800006f8:sh     t3,0xffe(t0)        mem[0x800016e6]=0xaabb
#cache_mem:irh    0x800006fc          line=7,age=0,id=0x100000d,block[1]={0x0062df03,0xfe728fa3,0xffc29f23,0xffd2ae23}
#cache_mem:dwh    0x800016e4          line=6,age=0,id=0x100002d,block[1]={0x000000bb,0x000000aa,0xccddaabb,0xccddaabb}
0x800006fc:sw     t4,0xffc(t0)        mem[0x800016e4]=0x000000aa
#cache_mem:irh    0x80000700          line=0,age=0,id=0x100000e,block[0]={0x00128293,0xfc629ee3,0x00008067,0x03b102b3}
0x80000700:addi   t0,t0,0x001         t0=0x800016e8+0x00000001=0x800016e9
#cache_mem:irh    0x80000704          line=0,age=0,id=0x100000e,block[0]={0x00128293,0xfc629ee3,0x00008067,0x03b102b3}
0x80000704:bne    t0,t1,0xfee         (0x800016e9!=0x80001866)=1->pc=0x800006e0
#cache_mem:irh    0x800006e0          line=6,age=0,id=0x100000d,block[1]={0x00228383,0x00329e03,0x0042ae03,0x0052ce83}
#cache_mem:drh    0x800016eb          line=6,age=0,id=0x100002d,block[1]={0x000000bb,0x000000aa,0xccddaabb,0xccddaabb}
0x800006e0:lb     t2,0x002(t0)        t2=mem[0x800016eb]=0xffffffcc
#cache_mem:irh    0x800006e4          line=6,age=0,id=0x100000d,block[1]={0x00228383,0x00329e03,0x0042ae03,0x0052ce83}
#cache_mem:drh    0x800016ec          line=6,age=0,id=0x100002d,block[1]={0x000000bb,0x000000aa,0xccddaabb,0xccddaabb}
0x800006e4:lh     t3,0x003(t0)        t3=mem[0x800016ec]=0xffffaabb
#cache_mem:irh    0x800006e8          line=6,age=0,id=0x100000d,block[1]={0x00228383,0x00329e03,0x0042ae03,0x0052ce83}
#cache_mem:drh    0x800016ed          line=6,age=0,id=0x100002d,block[1]={0x000000bb,0x000000aa,0xccddaabb,0xccddaabb}
0x800006e8:lw     t3,0x004(t0)        t3=mem[0x800016ed]=0xccddaabb
#cache_mem:irh    0x800006ec          line=6,age=0,id=0x100000d,block[1]={0x00228383,0x00329e03,0x0042ae03,0x0052ce83}
#cache_mem:drh    0x800016ee          line=6,age=0,id=0x100002d,block[1]={0x000000bb,0x000000aa,0xccddaabb,0xccddaabb}
0x800006ec:lbu    t4,0x005(t0)        t4=mem[0x800016ee]=0x000000dd
#cache_mem:irh    0x800006f0          line=7,age=0,id=0x100000d,block[1]={0x0062df03,0xfe728fa3,0xffc29f23,0xffd2ae23}
#cache_mem:drh    0x800016ef          line=6,age=0,id=0x100002d,block[1]={0x000000bb,0x000000aa,0xccddaabb,0xccddaabb}
0x800006f0:lhu    t5,0x006(t0)        t5=mem[0x800016ef]=0x000000cc
#cache_mem:irh    0x800006f4          line=7,age=0,id=0x100000d,block[1]={0x0062df03,0xfe728fa3,0xffc29f23,0xffd2ae23}
#cache_mem:dwh    0x800016e8          line=6,age=0,id=0x100002d,block[1]={0x000000bb,0x000000aa,0xccddaacc,0xccddaabb}
0x800006f4:sb     t2,0xfff(t0)        mem[0x800016e8]=0xcc
#cache_mem:irh    0x800006f8          line=7,age=0,id=0x100000d,block[1]={0x0062df03,0xfe728fa3,0xffc29f23,0xffd2ae23}
#cache_mem:dwh    0x800016e7          line=6,age=0,id=0x100002d,block[1]={0x000000bb,0xbb0000aa,0xccddaacc,0xccddaabb}
0x800006f8:sh     t3,0xffe(t0)        mem[0x800016e7]=0xaabb
#cache_mem:irh    0x800006fc          line=7,age=0,id=0x100000d,block[1]={0x0062df03,0xfe728fa3,0xffc29f23,0xffd2ae23}
#cache_mem:dwh    0x800016e5          line=6,age=0,id=0x100002d,block[1]={0x000000bb,0x000000dd,0xccddaacc,0xccddaabb}
0x800006fc:sw     t4,0xffc(t0)        mem[0x800016e5]=0x000000dd
#cache_mem:irh    0x80000700          line=0,age=0,id=0x100000e,block[0]={0x00128293,0xfc629ee3,0x00008067,0x03b102b3}
0x80000700:addi   t0,t0,0x001         t0=0x800016e9+0x00000001=0x800016ea
#cache_mem:irh    0x80000704          line=0,age=0,id=0x100000e,block[0]={0x00128293,0xfc629ee3,0x00008067,0x03b102b3}
0x80000704:bne    t0,t1,0xfee         (0x800016ea!=0x80001866)=1->pc=0x800006e0
#cache_mem:irh    0x800006e0          line=6,age=0,id=0x100000d,block[1]={0x00228383,0x00329e03,0x0042ae03,0x0052ce83}
#cache_mem:drh    0x800016ec          line=6,age=0,id=0x100002d,block[1]={0x000000bb,0x000000dd,0xccddaacc,0xccddaabb}
0x800006e0:lb     t2,0x002(t0)        t2=mem[0x800016ec]=0xffffffbb
#cache_mem:irh    0x800006e4          line=6,age=0,id=0x100000d,block[1]={0x00228383,0x00329e03,0x0042ae03,0x0052ce83}
#cache_mem:drh    0x800016ed          line=6,age=0,id=0x100002d,block[1]={0x000000bb,0x000000dd,0xccddaacc,0xccddaabb}
0x800006e4:lh     t3,0x003(t0)        t3=mem[0x800016ed]=0xffffddaa
#cache_mem:irh    0x800006e8          line=6,age=0,id=0x100000d,block[1]={0x00228383,0x00329e03,0x0042ae03,0x0052ce83}
#cache_mem:drh    0x800016ee          line=6,age=0,id=0x100002d,block[1]={0x000000bb,0x000000dd,0xccddaacc,0xccddaabb}
0x800006e8:lw     t3,0x004(t0)        t3=mem[0x800016ee]=0xccddaabb
#cache_mem:irh    0x800006ec          line=6,age=0,id=0x100000d,block[1]={0x00228383,0x00329e03,0x0042ae03,0x0052ce83}
#cache_mem:drh    0x800016ef          line=6,age=0,id=0x100002d,block[1]={0x000000bb,0x000000dd,0xccddaacc,0xccddaabb}
0x800006ec:lbu    t4,0x005(t0)        t4=mem[0x800016ef]=0x000000cc
#cache_mem:irh    0x800006f0          line=7,age=0,id=0x100000d,block[1]={0x0062df03,0xfe728fa3,0xffc29f23,0xffd2ae23}
#cache_mem:drm    0x800016f0          line=7,valid={1,1},age={139,103},id={0x1000013,0x1000032}
0x800006f0:lhu    t5,0x006(t0)        t5=mem[0x800016f0]=0x0000aabb
#cache_mem:irh    0x800006f4          line=7,age=0,id=0x100000d,block[1]={0x0062df03,0xfe728fa3,0xffc29f23,0xffd2ae23}
#cache_mem:dwh    0x800016e9          line=6,age=0,id=0x100002d,block[1]={0x000000bb,0x000000dd,0xccddbbcc,0xccddaabb}
0x800006f4:sb     t2,0xfff(t0)        mem[0x800016e9]=0xbb
#cache_mem:irh    0x800006f8          line=7,age=0,id=0x100000d,block[1]={0x0062df03,0xfe728fa3,0xffc29f23,0xffd2ae23}
#cache_mem:dwh    0x800016e8          line=6,age=0,id=0x100002d,block[1]={0x000000bb,0x000000dd,0xccddbbbb,0xccddaabb}
0x800006f8:sh     t3,0xffe(t0)        mem[0x800016e8]=0xaabb
#cache_mem:irh    0x800006fc          line=7,age=0,id=0x100000d,block[1]={0x0062df03,0xfe728fa3,0xffc29f23,0xffd2ae23}
#cache_mem:dwh    0x800016e6          line=6,age=0,id=0x100002d,block[1]={0x000000bb,0x000000cc,0xccddbbbb,0xccddaabb}
0x800006fc:sw     t4,0xffc(t0)        mem[0x800016e6]=0x000000cc
#cache_mem:irh    0x80000700          line=0,age=0,id=0x100000e,block[0]={0x00128293,0xfc629ee3,0x00008067,0x03b102b3}
0x80000700:addi   t0,t0,0x001         t0=0x800016ea+0x00000001=0x800016eb
#cache_mem:irh    0x80000704          line=0,age=0,id=0x100000e,block[0]={0x00128293,0xfc629ee3,0x00008067,0x03b102b3}
0x80000704:bne    t0,t1,0xfee         (0x800016eb!=0x80001866)=1->pc=0x800006e0
#cache_mem:irh    0x800006e0          line=6,age=0,id=0x100000d,block[1]={0x00228383,0x00329e03,0x0042ae03,0x0052ce83}
#cache_mem:drh    0x800016ed          line=6,age=0,id=0x100002d,block[1]={0x000000bb,0x000000cc,0xccddbbbb,0xccddaabb}
0x800006e0:lb     t2,0x002(t0)        t2=mem[0x800016ed]=0xffffffaa
#cache_mem:irh    0x800006e4          line=6,age=0,id=0x100000d,block[1]={0x00228383,0x00329e03,0x0042ae03,0x0052ce83}
#cache_mem:drh    0x800016ee          line=6,age=0,id=0x100002d,block[1]={0x000000bb,0x000000cc,0xccddbbbb,0xccddaabb}
0x800006e4:lh     t3,0x003(t0)        t3=mem[0x800016ee]=0xffffccdd
#cache_mem:irh    0x800006e8          line=6,age=0,id=0x100000d,block[1]={0x00228383,0x00329e03,0x0042ae03,0x0052ce83}
#cache_mem:drh    0x800016ef          line=6,age=0,id=0x100002d,block[1]={0x000000bb,0x000000cc,0xccddbbbb,0xccddaabb}
0x800006e8:lw     t3,0x004(t0)        t3=mem[0x800016ef]=0xccddaabb
#cache_mem:irh    0x800006ec          line=6,age=0,id=0x100000d,block[1]={0x00228383,0x00329e03,0x0042ae03,0x0052ce83}
#cache_mem:drh    0x800016f0          line=7,age=0,id=0x100002d,block[0]={0xccddaabb,0xccddaabb,0xccddaabb,0xccddaabb}
0x800006ec:lbu    t4,0x005(t0)        t4=mem[0x800016f0]=0x000000bb
#cache_mem:irh    0x800006f0          line=7,age=0,id=0x100000d,block[1]={0x0062df03,0xfe728fa3,0xffc29f23,0xffd2ae23}
#cache_mem:drh    0x800016f1          line=7,age=0,id=0x100002d,block[0]={0xccddaabb,0xccddaabb,0xccddaabb,0xccddaabb}
0x800006f0:lhu    t5,0x006(t0)        t5=mem[0x800016f1]=0x0000ddaa
#cache_mem:irh    0x800006f4          line=7,age=0,id=0x100000d,block[1]={0x0062df03,0xfe728fa3,0xffc29f23,0xffd2ae23}
#cache_mem:dwh    0x800016ea          line=6,age=0,id=0x100002d,block[1]={0x000000bb,0x000000cc,0xccaabbbb,0xccddaabb}
0x800006f4:sb     t2,0xfff(t0)        mem[0x800016ea]=0xaa
#cache_mem:irh    0x800006f8          line=7,age=0,id=0x100000d,block[1]={0x0062df03,0xfe728fa3,0xffc29f23,0xffd2ae23}
#cache_mem:dwh    0x800016e9          line=6,age=0,id=0x100002d,block[1]={0x000000bb,0x000000cc,0xccaabbbb,0xccddaabb}
0x800006f8:sh     t3,0xffe(t0)        mem[0x800016e9]=0xaabb
#cache_mem:irh    0x800006fc          line=7,age=0,id=0x100000d,block[1]={0x0062df03,0xfe728fa3,0xffc29f23,0xffd2ae23}
#cache_mem:dwh    0x800016e7          line=6,age=0,id=0x100002d,block[1]={0x000000bb,0x000000bb,0xccaabbbb,0xccddaabb}
0x800006fc:sw     t4,0xffc(t0)        mem[0x800016e7]=0x000000bb
#cache_mem:irh    0x80000700          line=0,age=0,id=0x100000e,block[0]={0x00128293,0xfc629ee3,0x00008067,0x03b102b3}
0x80000700:addi   t0,t0,0x001         t0=0x800016eb+0x00000001=0x800016ec
#cache_mem:irh    0x80000704          line=0,age=0,id=0x100000e,block[0]={0x00128293,0xfc629ee3,0x00008067,0x03b102b3}
0x80000704:bne    t0,t1,0xfee         (0x800016ec!=0x80001866)=1->pc=0x800006e0
#cache_mem:irh    0x800006e0          line=6,age=0,id=0x100000d,block[1]={0x00228383,0x00329e03,0x0042ae03,0x0052ce83}
#cache_mem:drh    0x800016ee          line=6,age=0,id=0x100002d,block[1]={0x000000bb,0x000000bb,0xccaabbbb,0xccddaabb}
0x800006e0:lb     t2,0x002(t0)        t2=mem[0x800016ee]=0xffffffdd
#cache_mem:irh    0x800006e4          line=6,age=0,id=0x100000d,block[1]={0x00228383,0x00329e03,0x0042ae03,0x0052ce83}
#cache_mem:drh    0x800016ef          line=6,age=0,id=0x100002d,block[1]={0x000000bb,0x000000bb,0xccaabbbb,0xccddaabb}
0x800006e4:lh     t3,0x003(t0)        t3=mem[0x800016ef]=0x000000cc
#cache_mem:irh    0x800006e8          line=6,age=0,id=0x100000d,block[1]={0x00228383,0x00329e03,0x0042ae03,0x0052ce83}
#cache_mem:drh    0x800016f0          line=7,age=0,id=0x100002d,block[0]={0xccddaabb,0xccddaabb,0xccddaabb,0xccddaabb}
0x800006e8:lw     t3,0x004(t0)        t3=mem[0x800016f0]=0xccddaabb
#cache_mem:irh    0x800006ec          line=6,age=0,id=0x100000d,block[1]={0x00228383,0x00329e03,0x0042ae03,0x0052ce83}
#cache_mem:drh    0x800016f1          line=7,age=0,id=0x100002d,block[0]={0xccddaabb,0xccddaabb,0xccddaabb,0xccddaabb}
0x800006ec:lbu    t4,0x005(t0)        t4=mem[0x800016f1]=0x000000aa
#cache_mem:irh    0x800006f0          line=7,age=0,id=0x100000d,block[1]={0x0062df03,0xfe728fa3,0xffc29f23,0xffd2ae23}
#cache_mem:drh    0x800016f2          line=7,age=0,id=0x100002d,block[0]={0xccddaabb,0xccddaabb,0xccddaabb,0xccddaabb}
0x800006f0:lhu    t5,0x006(t0)        t5=mem[0x800016f2]=0x0000ccdd
#cache_mem:irh    0x800006f4          line=7,age=0,id=0x100000d,block[1]={0x0062df03,0xfe728fa3,0xffc29f23,0xffd2ae23}
#cache_mem:dwh    0x800016eb          line=6,age=0,id=0x100002d,block[1]={0x000000bb,0x000000bb,0xddaabbbb,0xccddaabb}
0x800006f4:sb     t2,0xfff(t0)        mem[0x800016eb]=0xdd
#cache_mem:irh    0x800006f8          line=7,age=0,id=0x100000d,block[1]={0x0062df03,0xfe728fa3,0xffc29f23,0xffd2ae23}
#cache_mem:dwh    0x800016ea          line=6,age=0,id=0x100002d,block[1]={0x000000bb,0x000000bb,0xffbbbbbb,0xccddaabb}
0x800006f8:sh     t3,0xffe(t0)        mem[0x800016ea]=0xaabb
#cache_mem:irh    0x800006fc          line=7,age=0,id=0x100000d,block[1]={0x0062df03,0xfe728fa3,0xffc29f23,0xffd2ae23}
#cache_mem:dwh    0x800016e8          line=6,age=0,id=0x100002d,block[1]={0x000000bb,0x000000bb,0x000000aa,0xccddaabb}
0x800006fc:sw     t4,0xffc(t0)        mem[0x800016e8]=0x000000aa
#cache_mem:irh    0x80000700          line=0,age=0,id=0x100000e,block[0]={0x00128293,0xfc629ee3,0x00008067,0x03b102b3}
0x80000700:addi   t0,t0,0x001         t0=0x800016ec+0x00000001=0x800016ed
#cache_mem:irh    0x80000704          line=0,age=0,id=0x100000e,block[0]={0x00128293,0xfc629ee3,0x00008067,0x03b102b3}
0x80000704:bne    t0,t1,0xfee         (0x800016ed!=0x80001866)=1->pc=0x800006e0
#cache_mem:irh    0x800006e0          line=6,age=0,id=0x100000d,block[1]={0x00228383,0x00329e03,0x0042ae03,0x0052ce83}
#cache_mem:drh    0x800016ef          line=6,age=0,id=0x100002d,block[1]={0x000000bb,0x000000bb,0x000000aa,0xccddaabb}
0x800006e0:lb     t2,0x002(t0)        t2=mem[0x800016ef]=0xffffffcc
#cache_mem:irh    0x800006e4          line=6,age=0,id=0x100000d,block[1]={0x00228383,0x00329e03,0x0042ae03,0x0052ce83}
#cache_mem:drh    0x800016f0          line=7,age=0,id=0x100002d,block[0]={0xccddaabb,0xccddaabb,0xccddaabb,0xccddaabb}
0x800006e4:lh     t3,0x003(t0)        t3=mem[0x800016f0]=0xffffaabb
#cache_mem:irh    0x800006e8          line=6,age=0,id=0x100000d,block[1]={0x00228383,0x00329e03,0x0042ae03,0x0052ce83}
#cache_mem:drh    0x800016f1          line=7,age=0,id=0x100002d,block[0]={0xccddaabb,0xccddaabb,0xccddaabb,0xccddaabb}
0x800006e8:lw     t3,0x004(t0)        t3=mem[0x800016f1]=0xccddaabb
#cache_mem:irh    0x800006ec          line=6,age=0,id=0x100000d,block[1]={0x00228383,0x00329e03,0x0042ae03,0x0052ce83}
#cache_mem:drh    0x800016f2          line=7,age=0,id=0x100002d,block[0]={0xccddaabb,0xccddaabb,0xccddaabb,0xccddaabb}
0x800006ec:lbu    t4,0x005(t0)        t4=mem[0x800016f2]=0x000000dd
#cache_mem:irh    0x800006f0          line=7,age=0,id=0x100000d,block[1]={0x0062df03,0xfe728fa3,0xffc29f23,0xffd2ae23}
#cache_mem:drh    0x800016f3          line=7,age=0,id=0x100002d,block[0]={0xccddaabb,0xccddaabb,0xccddaabb,0xccddaabb}
0x800006f0:lhu    t5,0x006(t0)        t5=mem[0x800016f3]=0x000000cc
#cache_mem:irh    0x800006f4          line=7,age=0,id=0x100000d,block[1]={0x0062df03,0xfe728fa3,0xffc29f23,0xffd2ae23}
#cache_mem:dwh    0x800016ec          line=6,age=0,id=0x100002d,block[1]={0x000000bb,0x000000bb,0x000000aa,0xccddaacc}
0x800006f4:sb     t2,0xfff(t0)        mem[0x800016ec]=0xcc
#cache_mem:irh    0x800006f8          line=7,age=0,id=0x100000d,block[1]={0x0062df03,0xfe728fa3,0xffc29f23,0xffd2ae23}
#cache_mem:dwh    0x800016eb          line=6,age=0,id=0x100002d,block[1]={0x000000bb,0x000000bb,0xbb0000aa,0xccddaacc}
0x800006f8:sh     t3,0xffe(t0)        mem[0x800016eb]=0xaabb
#cache_mem:irh    0x800006fc          line=7,age=0,id=0x100000d,block[1]={0x0062df03,0xfe728fa3,0xffc29f23,0xffd2ae23}
#cache_mem:dwh    0x800016e9          line=6,age=0,id=0x100002d,block[1]={0x000000bb,0x000000bb,0x000000dd,0xccddaacc}
0x800006fc:sw     t4,0xffc(t0)        mem[0x800016e9]=0x000000dd
#cache_mem:irh    0x80000700          line=0,age=0,id=0x100000e,block[0]={0x00128293,0xfc629ee3,0x00008067,0x03b102b3}
0x80000700:addi   t0,t0,0x001         t0=0x800016ed+0x00000001=0x800016ee
#cache_mem:irh    0x80000704          line=0,age=0,id=0x100000e,block[0]={0x00128293,0xfc629ee3,0x00008067,0x03b102b3}
0x80000704:bne    t0,t1,0xfee         (0x800016ee!=0x80001866)=1->pc=0x800006e0
#cache_mem:irh    0x800006e0          line=6,age=0,id=0x100000d,block[1]={0x00228383,0x00329e03,0x0042ae03,0x0052ce83}
#cache_mem:drh    0x800016f0          line=7,age=0,id=0x100002d,block[0]={0xccddaabb,0xccddaabb,0xccddaabb,0xccddaabb}
0x800006e0:lb     t2,0x002(t0)        t2=mem[0x800016f0]=0xffffffbb
#cache_mem:irh    0x800006e4          line=6,age=0,id=0x100000d,block[1]={0x00228383,0x00329e03,0x0042ae03,0x0052ce83}
#cache_mem:drh    0x800016f1          line=7,age=0,id=0x100002d,block[0]={0xccddaabb,0xccddaabb,0xccddaabb,0xccddaabb}
0x800006e4:lh     t3,0x003(t0)        t3=mem[0x800016f1]=0xffffddaa
#cache_mem:irh    0x800006e8          line=6,age=0,id=0x100000d,block[1]={0x00228383,0x00329e03,0x0042ae03,0x0052ce83}
#cache_mem:drh    0x800016f2          line=7,age=0,id=0x100002d,block[0]={0xccddaabb,0xccddaabb,0xccddaabb,0xccddaabb}
0x800006e8:lw     t3,0x004(t0)        t3=mem[0x800016f2]=0xccddaabb
#cache_mem:irh    0x800006ec          line=6,age=0,id=0x100000d,block[1]={0x00228383,0x00329e03,0x0042ae03,0x0052ce83}
#cache_mem:drh    0x800016f3          line=7,age=0,id=0x100002d,block[0]={0xccddaabb,0xccddaabb,0xccddaabb,0xccddaabb}
0x800006ec:lbu    t4,0x005(t0)        t4=mem[0x800016f3]=0x000000cc
#cache_mem:irh    0x800006f0          line=7,age=0,id=0x100000d,block[1]={0x0062df03,0xfe728fa3,0xffc29f23,0xffd2ae23}
#cache_mem:drh    0x800016f4          line=7,age=0,id=0x100002d,block[0]={0xccddaabb,0xccddaabb,0xccddaabb,0xccddaabb}
0x800006f0:lhu    t5,0x006(t0)        t5=mem[0x800016f4]=0x0000aabb
#cache_mem:irh    0x800006f4          line=7,age=0,id=0x100000d,block[1]={0x0062df03,0xfe728fa3,0xffc29f23,0xffd2ae23}
#cache_mem:dwh    0x800016ed          line=6,age=0,id=0x100002d,block[1]={0x000000bb,0x000000bb,0x000000dd,0xccddbbcc}
0x800006f4:sb     t2,0xfff(t0)        mem[0x800016ed]=0xbb
#cache_mem:irh    0x800006f8          line=7,age=0,id=0x100000d,block[1]={0x0062df03,0xfe728fa3,0xffc29f23,0xffd2ae23}
#cache_mem:dwh    0x800016ec          line=6,age=0,id=0x100002d,block[1]={0x000000bb,0x000000bb,0x000000dd,0xccddbbbb}
0x800006f8:sh     t3,0xffe(t0)        mem[0x800016ec]=0xaabb
#cache_mem:irh    0x800006fc          line=7,age=0,id=0x100000d,block[1]={0x0062df03,0xfe728fa3,0xffc29f23,0xffd2ae23}
#cache_mem:dwh    0x800016ea          line=6,age=0,id=0x100002d,block[1]={0x000000bb,0x000000bb,0x000000cc,0xccddbbbb}
0x800006fc:sw     t4,0xffc(t0)        mem[0x800016ea]=0x000000cc
#cache_mem:irh    0x80000700          line=0,age=0,id=0x100000e,block[0]={0x00128293,0xfc629ee3,0x00008067,0x03b102b3}
0x80000700:addi   t0,t0,0x001         t0=0x800016ee+0x00000001=0x800016ef
#cache_mem:irh    0x80000704          line=0,age=0,id=0x100000e,block[0]={0x00128293,0xfc629ee3,0x00008067,0x03b102b3}
0x80000704:bne    t0,t1,0xfee         (0x800016ef!=0x80001866)=1->pc=0x800006e0
#cache_mem:irh    0x800006e0          line=6,age=0,id=0x100000d,block[1]={0x00228383,0x00329e03,0x0042ae03,0x0052ce83}
#cache_mem:drh    0x800016f1          line=7,age=0,id=0x100002d,block[0]={0xccddaabb,0xccddaabb,0xccddaabb,0xccddaabb}
0x800006e0:lb     t2,0x002(t0)        t2=mem[0x800016f1]=0xffffffaa
#cache_mem:irh    0x800006e4          line=6,age=0,id=0x100000d,block[1]={0x00228383,0x00329e03,0x0042ae03,0x0052ce83}
#cache_mem:drh    0x800016f2          line=7,age=0,id=0x100002d,block[0]={0xccddaabb,0xccddaabb,0xccddaabb,0xccddaabb}
0x800006e4:lh     t3,0x003(t0)        t3=mem[0x800016f2]=0xffffccdd
#cache_mem:irh    0x800006e8          line=6,age=0,id=0x100000d,block[1]={0x00228383,0x00329e03,0x0042ae03,0x0052ce83}
#cache_mem:drh    0x800016f3          line=7,age=0,id=0x100002d,block[0]={0xccddaabb,0xccddaabb,0xccddaabb,0xccddaabb}
0x800006e8:lw     t3,0x004(t0)        t3=mem[0x800016f3]=0xccddaabb
#cache_mem:irh    0x800006ec          line=6,age=0,id=0x100000d,block[1]={0x00228383,0x00329e03,0x0042ae03,0x0052ce83}
#cache_mem:drh    0x800016f4          line=7,age=0,id=0x100002d,block[0]={0xccddaabb,0xccddaabb,0xccddaabb,0xccddaabb}
0x800006ec:lbu    t4,0x005(t0)        t4=mem[0x800016f4]=0x000000bb
#cache_mem:irh    0x800006f0          line=7,age=0,id=0x100000d,block[1]={0x0062df03,0xfe728fa3,0xffc29f23,0xffd2ae23}
#cache_mem:drh    0x800016f5          line=7,age=0,id=0x100002d,block[0]={0xccddaabb,0xccddaabb,0xccddaabb,0xccddaabb}
0x800006f0:lhu    t5,0x006(t0)        t5=mem[0x800016f5]=0x0000ddaa
#cache_mem:irh    0x800006f4          line=7,age=0,id=0x100000d,block[1]={0x0062df03,0xfe728fa3,0xffc29f23,0xffd2ae23}
#cache_mem:dwh    0x800016ee          line=6,age=0,id=0x100002d,block[1]={0x000000bb,0x000000bb,0x000000cc,0xccaabbbb}
0x800006f4:sb     t2,0xfff(t0)        mem[0x800016ee]=0xaa
#cache_mem:irh    0x800006f8          line=7,age=0,id=0x100000d,block[1]={0x0062df03,0xfe728fa3,0xffc29f23,0xffd2ae23}
#cache_mem:dwh    0x800016ed          line=6,age=0,id=0x100002d,block[1]={0x000000bb,0x000000bb,0x000000cc,0xccaabbbb}
0x800006f8:sh     t3,0xffe(t0)        mem[0x800016ed]=0xaabb
#cache_mem:irh    0x800006fc          line=7,age=0,id=0x100000d,block[1]={0x0062df03,0xfe728fa3,0xffc29f23,0xffd2ae23}
#cache_mem:dwh    0x800016eb          line=6,age=0,id=0x100002d,block[1]={0x000000bb,0x000000bb,0x000000bb,0xccaabbbb}
0x800006fc:sw     t4,0xffc(t0)        mem[0x800016eb]=0x000000bb
#cache_mem:irh    0x80000700          line=0,age=0,id=0x100000e,block[0]={0x00128293,0xfc629ee3,0x00008067,0x03b102b3}
0x80000700:addi   t0,t0,0x001         t0=0x800016ef+0x00000001=0x800016f0
#cache_mem:irh    0x80000704          line=0,age=0,id=0x100000e,block[0]={0x00128293,0xfc629ee3,0x00008067,0x03b102b3}
0x80000704:bne    t0,t1,0xfee         (0x800016f0!=0x80001866)=1->pc=0x800006e0
#cache_mem:irh    0x800006e0          line=6,age=0,id=0x100000d,block[1]={0x00228383,0x00329e03,0x0042ae03,0x0052ce83}
#cache_mem:drh    0x800016f2          line=7,age=0,id=0x100002d,block[0]={0xccddaabb,0xccddaabb,0xccddaabb,0xccddaabb}
0x800006e0:lb     t2,0x002(t0)        t2=mem[0x800016f2]=0xffffffdd
#cache_mem:irh    0x800006e4          line=6,age=0,id=0x100000d,block[1]={0x00228383,0x00329e03,0x0042ae03,0x0052ce83}
#cache_mem:drh    0x800016f3          line=7,age=0,id=0x100002d,block[0]={0xccddaabb,0xccddaabb,0xccddaabb,0xccddaabb}
0x800006e4:lh     t3,0x003(t0)        t3=mem[0x800016f3]=0x000000cc
#cache_mem:irh    0x800006e8          line=6,age=0,id=0x100000d,block[1]={0x00228383,0x00329e03,0x0042ae03,0x0052ce83}
#cache_mem:drh    0x800016f4          line=7,age=0,id=0x100002d,block[0]={0xccddaabb,0xccddaabb,0xccddaabb,0xccddaabb}
0x800006e8:lw     t3,0x004(t0)        t3=mem[0x800016f4]=0xccddaabb
#cache_mem:irh    0x800006ec          line=6,age=0,id=0x100000d,block[1]={0x00228383,0x00329e03,0x0042ae03,0x0052ce83}
#cache_mem:drh    0x800016f5          line=7,age=0,id=0x100002d,block[0]={0xccddaabb,0xccddaabb,0xccddaabb,0xccddaabb}
0x800006ec:lbu    t4,0x005(t0)        t4=mem[0x800016f5]=0x000000aa
#cache_mem:irh    0x800006f0          line=7,age=0,id=0x100000d,block[1]={0x0062df03,0xfe728fa3,0xffc29f23,0xffd2ae23}
#cache_mem:drh    0x800016f6          line=7,age=0,id=0x100002d,block[0]={0xccddaabb,0xccddaabb,0xccddaabb,0xccddaabb}
0x800006f0:lhu    t5,0x006(t0)        t5=mem[0x800016f6]=0x0000ccdd
#cache_mem:irh    0x800006f4          line=7,age=0,id=0x100000d,block[1]={0x0062df03,0xfe728fa3,0xffc29f23,0xffd2ae23}
#cache_mem:dwh    0x800016ef          line=6,age=0,id=0x100002d,block[1]={0x000000bb,0x000000bb,0x000000bb,0xddaabbbb}
0x800006f4:sb     t2,0xfff(t0)        mem[0x800016ef]=0xdd
#cache_mem:irh    0x800006f8          line=7,age=0,id=0x100000d,block[1]={0x0062df03,0xfe728fa3,0xffc29f23,0xffd2ae23}
#cache_mem:dwh    0x800016ee          line=6,age=0,id=0x100002d,block[1]={0x000000bb,0x000000bb,0x000000bb,0xffbbbbbb}
0x800006f8:sh     t3,0xffe(t0)        mem[0x800016ee]=0xaabb
#cache_mem:irh    0x800006fc          line=7,age=0,id=0x100000d,block[1]={0x0062df03,0xfe728fa3,0xffc29f23,0xffd2ae23}
#cache_mem:dwh    0x800016ec          line=6,age=0,id=0x100002d,block[1]={0x000000bb,0x000000bb,0x000000bb,0x000000aa}
0x800006fc:sw     t4,0xffc(t0)        mem[0x800016ec]=0x000000aa
#cache_mem:irh    0x80000700          line=0,age=0,id=0x100000e,block[0]={0x00128293,0xfc629ee3,0x00008067,0x03b102b3}
0x80000700:addi   t0,t0,0x001         t0=0x800016f0+0x00000001=0x800016f1
#cache_mem:irh    0x80000704          line=0,age=0,id=0x100000e,block[0]={0x00128293,0xfc629ee3,0x00008067,0x03b102b3}
0x80000704:bne    t0,t1,0xfee         (0x800016f1!=0x80001866)=1->pc=0x800006e0
#cache_mem:irh    0x800006e0          line=6,age=0,id=0x100000d,block[1]={0x00228383,0x00329e03,0x0042ae03,0x0052ce83}
#cache_mem:drh    0x800016f3          line=7,age=0,id=0x100002d,block[0]={0xccddaabb,0xccddaabb,0xccddaabb,0xccddaabb}
0x800006e0:lb     t2,0x002(t0)        t2=mem[0x800016f3]=0xffffffcc
#cache_mem:irh    0x800006e4          line=6,age=0,id=0x100000d,block[1]={0x00228383,0x00329e03,0x0042ae03,0x0052ce83}
#cache_mem:drh    0x800016f4          line=7,age=0,id=0x100002d,block[0]={0xccddaabb,0xccddaabb,0xccddaabb,0xccddaabb}
0x800006e4:lh     t3,0x003(t0)        t3=mem[0x800016f4]=0xffffaabb
#cache_mem:irh    0x800006e8          line=6,age=0,id=0x100000d,block[1]={0x00228383,0x00329e03,0x0042ae03,0x0052ce83}
#cache_mem:drh    0x800016f5          line=7,age=0,id=0x100002d,block[0]={0xccddaabb,0xccddaabb,0xccddaabb,0xccddaabb}
0x800006e8:lw     t3,0x004(t0)        t3=mem[0x800016f5]=0xccddaabb
#cache_mem:irh    0x800006ec          line=6,age=0,id=0x100000d,block[1]={0x00228383,0x00329e03,0x0042ae03,0x0052ce83}
#cache_mem:drh    0x800016f6          line=7,age=0,id=0x100002d,block[0]={0xccddaabb,0xccddaabb,0xccddaabb,0xccddaabb}
0x800006ec:lbu    t4,0x005(t0)        t4=mem[0x800016f6]=0x000000dd
#cache_mem:irh    0x800006f0          line=7,age=0,id=0x100000d,block[1]={0x0062df03,0xfe728fa3,0xffc29f23,0xffd2ae23}
#cache_mem:drh    0x800016f7          line=7,age=0,id=0x100002d,block[0]={0xccddaabb,0xccddaabb,0xccddaabb,0xccddaabb}
0x800006f0:lhu    t5,0x006(t0)        t5=mem[0x800016f7]=0x000000cc
#cache_mem:irh    0x800006f4          line=7,age=0,id=0x100000d,block[1]={0x0062df03,0xfe728fa3,0xffc29f23,0xffd2ae23}
#cache_mem:dwh    0x800016f0          line=7,age=0,id=0x100002d,block[0]={0xccddaacc,0xccddaabb,0xccddaabb,0xccddaabb}
0x800006f4:sb     t2,0xfff(t0)        mem[0x800016f0]=0xcc
#cache_mem:irh    0x800006f8          line=7,age=0,id=0x100000d,block[1]={0x0062df03,0xfe728fa3,0xffc29f23,0xffd2ae23}
#cache_mem:dwh    0x800016ef          line=6,age=0,id=0x100002d,block[1]={0x000000bb,0x000000bb,0x000000bb,0xbb0000aa}
0x800006f8:sh     t3,0xffe(t0)        mem[0x800016ef]=0xaabb
#cache_mem:irh    0x800006fc          line=7,age=0,id=0x100000d,block[1]={0x0062df03,0xfe728fa3,0xffc29f23,0xffd2ae23}
#cache_mem:dwh    0x800016ed          line=6,age=0,id=0x100002d,block[1]={0x000000bb,0x000000bb,0x000000bb,0x000000dd}
0x800006fc:sw     t4,0xffc(t0)        mem[0x800016ed]=0x000000dd
#cache_mem:irh    0x80000700          line=0,age=0,id=0x100000e,block[0]={0x00128293,0xfc629ee3,0x00008067,0x03b102b3}
0x80000700:addi   t0,t0,0x001         t0=0x800016f1+0x00000001=0x800016f2
#cache_mem:irh    0x80000704          line=0,age=0,id=0x100000e,block[0]={0x00128293,0xfc629ee3,0x00008067,0x03b102b3}
0x80000704:bne    t0,t1,0xfee         (0x800016f2!=0x80001866)=1->pc=0x800006e0
#cache_mem:irh    0x800006e0          line=6,age=0,id=0x100000d,block[1]={0x00228383,0x00329e03,0x0042ae03,0x0052ce83}
#cache_mem:drh    0x800016f4          line=7,age=0,id=0x100002d,block[0]={0xccddaacc,0xccddaabb,0xccddaabb,0xccddaabb}
0x800006e0:lb     t2,0x002(t0)        t2=mem[0x800016f4]=0xffffffbb
#cache_mem:irh    0x800006e4          line=6,age=0,id=0x100000d,block[1]={0x00228383,0x00329e03,0x0042ae03,0x0052ce83}
#cache_mem:drh    0x800016f5          line=7,age=0,id=0x100002d,block[0]={0xccddaacc,0xccddaabb,0xccddaabb,0xccddaabb}
0x800006e4:lh     t3,0x003(t0)        t3=mem[0x800016f5]=0xffffddaa
#cache_mem:irh    0x800006e8          line=6,age=0,id=0x100000d,block[1]={0x00228383,0x00329e03,0x0042ae03,0x0052ce83}
#cache_mem:drh    0x800016f6          line=7,age=0,id=0x100002d,block[0]={0xccddaacc,0xccddaabb,0xccddaabb,0xccddaabb}
0x800006e8:lw     t3,0x004(t0)        t3=mem[0x800016f6]=0xccddaabb
#cache_mem:irh    0x800006ec          line=6,age=0,id=0x100000d,block[1]={0x00228383,0x00329e03,0x0042ae03,0x0052ce83}
#cache_mem:drh    0x800016f7          line=7,age=0,id=0x100002d,block[0]={0xccddaacc,0xccddaabb,0xccddaabb,0xccddaabb}
0x800006ec:lbu    t4,0x005(t0)        t4=mem[0x800016f7]=0x000000cc
#cache_mem:irh    0x800006f0          line=7,age=0,id=0x100000d,block[1]={0x0062df03,0xfe728fa3,0xffc29f23,0xffd2ae23}
#cache_mem:drh    0x800016f8          line=7,age=0,id=0x100002d,block[0]={0xccddaacc,0xccddaabb,0xccddaabb,0xccddaabb}
0x800006f0:lhu    t5,0x006(t0)        t5=mem[0x800016f8]=0x0000aabb
#cache_mem:irh    0x800006f4          line=7,age=0,id=0x100000d,block[1]={0x0062df03,0xfe728fa3,0xffc29f23,0xffd2ae23}
#cache_mem:dwh    0x800016f1          line=7,age=0,id=0x100002d,block[0]={0xccddbbcc,0xccddaabb,0xccddaabb,0xccddaabb}
0x800006f4:sb     t2,0xfff(t0)        mem[0x800016f1]=0xbb
#cache_mem:irh    0x800006f8          line=7,age=0,id=0x100000d,block[1]={0x0062df03,0xfe728fa3,0xffc29f23,0xffd2ae23}
#cache_mem:dwh    0x800016f0          line=7,age=0,id=0x100002d,block[0]={0xccddbbbb,0xccddaabb,0xccddaabb,0xccddaabb}
0x800006f8:sh     t3,0xffe(t0)        mem[0x800016f0]=0xaabb
#cache_mem:irh    0x800006fc          line=7,age=0,id=0x100000d,block[1]={0x0062df03,0xfe728fa3,0xffc29f23,0xffd2ae23}
#cache_mem:dwh    0x800016ee          line=6,age=0,id=0x100002d,block[1]={0x000000bb,0x000000bb,0x000000bb,0x000000cc}
0x800006fc:sw     t4,0xffc(t0)        mem[0x800016ee]=0x000000cc
#cache_mem:irh    0x80000700          line=0,age=0,id=0x100000e,block[0]={0x00128293,0xfc629ee3,0x00008067,0x03b102b3}
0x80000700:addi   t0,t0,0x001         t0=0x800016f2+0x00000001=0x800016f3
#cache_mem:irh    0x80000704          line=0,age=0,id=0x100000e,block[0]={0x00128293,0xfc629ee3,0x00008067,0x03b102b3}
0x80000704:bne    t0,t1,0xfee         (0x800016f3!=0x80001866)=1->pc=0x800006e0
#cache_mem:irh    0x800006e0          line=6,age=0,id=0x100000d,block[1]={0x00228383,0x00329e03,0x0042ae03,0x0052ce83}
#cache_mem:drh    0x800016f5          line=7,age=0,id=0x100002d,block[0]={0xccddbbbb,0xccddaabb,0xccddaabb,0xccddaabb}
0x800006e0:lb     t2,0x002(t0)        t2=mem[0x800016f5]=0xffffffaa
#cache_mem:irh    0x800006e4          line=6,age=0,id=0x100000d,block[1]={0x00228383,0x00329e03,0x0042ae03,0x0052ce83}
#cache_mem:drh    0x800016f6          line=7,age=0,id=0x100002d,block[0]={0xccddbbbb,0xccddaabb,0xccddaabb,0xccddaabb}
0x800006e4:lh     t3,0x003(t0)        t3=mem[0x800016f6]=0xffffccdd
#cache_mem:irh    0x800006e8          line=6,age=0,id=0x100000d,block[1]={0x00228383,0x00329e03,0x0042ae03,0x0052ce83}
#cache_mem:drh    0x800016f7          line=7,age=0,id=0x100002d,block[0]={0xccddbbbb,0xccddaabb,0xccddaabb,0xccddaabb}
0x800006e8:lw     t3,0x004(t0)        t3=mem[0x800016f7]=0xccddaabb
#cache_mem:irh    0x800006ec          line=6,age=0,id=0x100000d,block[1]={0x00228383,0x00329e03,0x0042ae03,0x0052ce83}
#cache_mem:drh    0x800016f8          line=7,age=0,id=0x100002d,block[0]={0xccddbbbb,0xccddaabb,0xccddaabb,0xccddaabb}
0x800006ec:lbu    t4,0x005(t0)        t4=mem[0x800016f8]=0x000000bb
#cache_mem:irh    0x800006f0          line=7,age=0,id=0x100000d,block[1]={0x0062df03,0xfe728fa3,0xffc29f23,0xffd2ae23}
#cache_mem:drh    0x800016f9          line=7,age=0,id=0x100002d,block[0]={0xccddbbbb,0xccddaabb,0xccddaabb,0xccddaabb}
0x800006f0:lhu    t5,0x006(t0)        t5=mem[0x800016f9]=0x0000ddaa
#cache_mem:irh    0x800006f4          line=7,age=0,id=0x100000d,block[1]={0x0062df03,0xfe728fa3,0xffc29f23,0xffd2ae23}
#cache_mem:dwh    0x800016f2          line=7,age=0,id=0x100002d,block[0]={0xccaabbbb,0xccddaabb,0xccddaabb,0xccddaabb}
0x800006f4:sb     t2,0xfff(t0)        mem[0x800016f2]=0xaa
#cache_mem:irh    0x800006f8          line=7,age=0,id=0x100000d,block[1]={0x0062df03,0xfe728fa3,0xffc29f23,0xffd2ae23}
#cache_mem:dwh    0x800016f1          line=7,age=0,id=0x100002d,block[0]={0xccaabbbb,0xccddaabb,0xccddaabb,0xccddaabb}
0x800006f8:sh     t3,0xffe(t0)        mem[0x800016f1]=0xaabb
#cache_mem:irh    0x800006fc          line=7,age=0,id=0x100000d,block[1]={0x0062df03,0xfe728fa3,0xffc29f23,0xffd2ae23}
#cache_mem:dwh    0x800016ef          line=6,age=0,id=0x100002d,block[1]={0x000000bb,0x000000bb,0x000000bb,0x000000bb}
0x800006fc:sw     t4,0xffc(t0)        mem[0x800016ef]=0x000000bb
#cache_mem:irh    0x80000700          line=0,age=0,id=0x100000e,block[0]={0x00128293,0xfc629ee3,0x00008067,0x03b102b3}
0x80000700:addi   t0,t0,0x001         t0=0x800016f3+0x00000001=0x800016f4
#cache_mem:irh    0x80000704          line=0,age=0,id=0x100000e,block[0]={0x00128293,0xfc629ee3,0x00008067,0x03b102b3}
0x80000704:bne    t0,t1,0xfee         (0x800016f4!=0x80001866)=1->pc=0x800006e0
#cache_mem:irh    0x800006e0          line=6,age=0,id=0x100000d,block[1]={0x00228383,0x00329e03,0x0042ae03,0x0052ce83}
#cache_mem:drh    0x800016f6          line=7,age=0,id=0x100002d,block[0]={0xccaabbbb,0xccddaabb,0xccddaabb,0xccddaabb}
0x800006e0:lb     t2,0x002(t0)        t2=mem[0x800016f6]=0xffffffdd
#cache_mem:irh    0x800006e4          line=6,age=0,id=0x100000d,block[1]={0x00228383,0x00329e03,0x0042ae03,0x0052ce83}
#cache_mem:drh    0x800016f7          line=7,age=0,id=0x100002d,block[0]={0xccaabbbb,0xccddaabb,0xccddaabb,0xccddaabb}
0x800006e4:lh     t3,0x003(t0)        t3=mem[0x800016f7]=0x000000cc
#cache_mem:irh    0x800006e8          line=6,age=0,id=0x100000d,block[1]={0x00228383,0x00329e03,0x0042ae03,0x0052ce83}
#cache_mem:drh    0x800016f8          line=7,age=0,id=0x100002d,block[0]={0xccaabbbb,0xccddaabb,0xccddaabb,0xccddaabb}
0x800006e8:lw     t3,0x004(t0)        t3=mem[0x800016f8]=0xccddaabb
#cache_mem:irh    0x800006ec          line=6,age=0,id=0x100000d,block[1]={0x00228383,0x00329e03,0x0042ae03,0x0052ce83}
#cache_mem:drh    0x800016f9          line=7,age=0,id=0x100002d,block[0]={0xccaabbbb,0xccddaabb,0xccddaabb,0xccddaabb}
0x800006ec:lbu    t4,0x005(t0)        t4=mem[0x800016f9]=0x000000aa
#cache_mem:irh    0x800006f0          line=7,age=0,id=0x100000d,block[1]={0x0062df03,0xfe728fa3,0xffc29f23,0xffd2ae23}
#cache_mem:drh    0x800016fa          line=7,age=0,id=0x100002d,block[0]={0xccaabbbb,0xccddaabb,0xccddaabb,0xccddaabb}
0x800006f0:lhu    t5,0x006(t0)        t5=mem[0x800016fa]=0x0000ccdd
#cache_mem:irh    0x800006f4          line=7,age=0,id=0x100000d,block[1]={0x0062df03,0xfe728fa3,0xffc29f23,0xffd2ae23}
#cache_mem:dwh    0x800016f3          line=7,age=0,id=0x100002d,block[0]={0xddaabbbb,0xccddaabb,0xccddaabb,0xccddaabb}
0x800006f4:sb     t2,0xfff(t0)        mem[0x800016f3]=0xdd
#cache_mem:irh    0x800006f8          line=7,age=0,id=0x100000d,block[1]={0x0062df03,0xfe728fa3,0xffc29f23,0xffd2ae23}
#cache_mem:dwh    0x800016f2          line=7,age=0,id=0x100002d,block[0]={0xffbbbbbb,0xccddaabb,0xccddaabb,0xccddaabb}
0x800006f8:sh     t3,0xffe(t0)        mem[0x800016f2]=0xaabb
#cache_mem:irh    0x800006fc          line=7,age=0,id=0x100000d,block[1]={0x0062df03,0xfe728fa3,0xffc29f23,0xffd2ae23}
#cache_mem:dwh    0x800016f0          line=7,age=0,id=0x100002d,block[0]={0x000000aa,0xccddaabb,0xccddaabb,0xccddaabb}
0x800006fc:sw     t4,0xffc(t0)        mem[0x800016f0]=0x000000aa
#cache_mem:irh    0x80000700          line=0,age=0,id=0x100000e,block[0]={0x00128293,0xfc629ee3,0x00008067,0x03b102b3}
0x80000700:addi   t0,t0,0x001         t0=0x800016f4+0x00000001=0x800016f5
#cache_mem:irh    0x80000704          line=0,age=0,id=0x100000e,block[0]={0x00128293,0xfc629ee3,0x00008067,0x03b102b3}
0x80000704:bne    t0,t1,0xfee         (0x800016f5!=0x80001866)=1->pc=0x800006e0
#cache_mem:irh    0x800006e0          line=6,age=0,id=0x100000d,block[1]={0x00228383,0x00329e03,0x0042ae03,0x0052ce83}
#cache_mem:drh    0x800016f7          line=7,age=0,id=0x100002d,block[0]={0x000000aa,0xccddaabb,0xccddaabb,0xccddaabb}
0x800006e0:lb     t2,0x002(t0)        t2=mem[0x800016f7]=0xffffffcc
#cache_mem:irh    0x800006e4          line=6,age=0,id=0x100000d,block[1]={0x00228383,0x00329e03,0x0042ae03,0x0052ce83}
#cache_mem:drh    0x800016f8          line=7,age=0,id=0x100002d,block[0]={0x000000aa,0xccddaabb,0xccddaabb,0xccddaabb}
0x800006e4:lh     t3,0x003(t0)        t3=mem[0x800016f8]=0xffffaabb
#cache_mem:irh    0x800006e8          line=6,age=0,id=0x100000d,block[1]={0x00228383,0x00329e03,0x0042ae03,0x0052ce83}
#cache_mem:drh    0x800016f9          line=7,age=0,id=0x100002d,block[0]={0x000000aa,0xccddaabb,0xccddaabb,0xccddaabb}
0x800006e8:lw     t3,0x004(t0)        t3=mem[0x800016f9]=0xccddaabb
#cache_mem:irh    0x800006ec          line=6,age=0,id=0x100000d,block[1]={0x00228383,0x00329e03,0x0042ae03,0x0052ce83}
#cache_mem:drh    0x800016fa          line=7,age=0,id=0x100002d,block[0]={0x000000aa,0xccddaabb,0xccddaabb,0xccddaabb}
0x800006ec:lbu    t4,0x005(t0)        t4=mem[0x800016fa]=0x000000dd
#cache_mem:irh    0x800006f0          line=7,age=0,id=0x100000d,block[1]={0x0062df03,0xfe728fa3,0xffc29f23,0xffd2ae23}
#cache_mem:drh    0x800016fb          line=7,age=0,id=0x100002d,block[0]={0x000000aa,0xccddaabb,0xccddaabb,0xccddaabb}
0x800006f0:lhu    t5,0x006(t0)        t5=mem[0x800016fb]=0x000000cc
#cache_mem:irh    0x800006f4          line=7,age=0,id=0x100000d,block[1]={0x0062df03,0xfe728fa3,0xffc29f23,0xffd2ae23}
#cache_mem:dwh    0x800016f4          line=7,age=0,id=0x100002d,block[0]={0x000000aa,0xccddaacc,0xccddaabb,0xccddaabb}
0x800006f4:sb     t2,0xfff(t0)        mem[0x800016f4]=0xcc
#cache_mem:irh    0x800006f8          line=7,age=0,id=0x100000d,block[1]={0x0062df03,0xfe728fa3,0xffc29f23,0xffd2ae23}
#cache_mem:dwh    0x800016f3          line=7,age=0,id=0x100002d,block[0]={0xbb0000aa,0xccddaacc,0xccddaabb,0xccddaabb}
0x800006f8:sh     t3,0xffe(t0)        mem[0x800016f3]=0xaabb
#cache_mem:irh    0x800006fc          line=7,age=0,id=0x100000d,block[1]={0x0062df03,0xfe728fa3,0xffc29f23,0xffd2ae23}
#cache_mem:dwh    0x800016f1          line=7,age=0,id=0x100002d,block[0]={0x000000dd,0xccddaacc,0xccddaabb,0xccddaabb}
0x800006fc:sw     t4,0xffc(t0)        mem[0x800016f1]=0x000000dd
#cache_mem:irh    0x80000700          line=0,age=0,id=0x100000e,block[0]={0x00128293,0xfc629ee3,0x00008067,0x03b102b3}
0x80000700:addi   t0,t0,0x001         t0=0x800016f5+0x00000001=0x800016f6
#cache_mem:irh    0x80000704          line=0,age=0,id=0x100000e,block[0]={0x00128293,0xfc629ee3,0x00008067,0x03b102b3}
0x80000704:bne    t0,t1,0xfee         (0x800016f6!=0x80001866)=1->pc=0x800006e0
#cache_mem:irh    0x800006e0          line=6,age=0,id=0x100000d,block[1]={0x00228383,0x00329e03,0x0042ae03,0x0052ce83}
#cache_mem:drh    0x800016f8          line=7,age=0,id=0x100002d,block[0]={0x000000dd,0xccddaacc,0xccddaabb,0xccddaabb}
0x800006e0:lb     t2,0x002(t0)        t2=mem[0x800016f8]=0xffffffbb
#cache_mem:irh    0x800006e4          line=6,age=0,id=0x100000d,block[1]={0x00228383,0x00329e03,0x0042ae03,0x0052ce83}
#cache_mem:drh    0x800016f9          line=7,age=0,id=0x100002d,block[0]={0x000000dd,0xccddaacc,0xccddaabb,0xccddaabb}
0x800006e4:lh     t3,0x003(t0)        t3=mem[0x800016f9]=0xffffddaa
#cache_mem:irh    0x800006e8          line=6,age=0,id=0x100000d,block[1]={0x00228383,0x00329e03,0x0042ae03,0x0052ce83}
#cache_mem:drh    0x800016fa          line=7,age=0,id=0x100002d,block[0]={0x000000dd,0xccddaacc,0xccddaabb,0xccddaabb}
0x800006e8:lw     t3,0x004(t0)        t3=mem[0x800016fa]=0xccddaabb
#cache_mem:irh    0x800006ec          line=6,age=0,id=0x100000d,block[1]={0x00228383,0x00329e03,0x0042ae03,0x0052ce83}
#cache_mem:drh    0x800016fb          line=7,age=0,id=0x100002d,block[0]={0x000000dd,0xccddaacc,0xccddaabb,0xccddaabb}
0x800006ec:lbu    t4,0x005(t0)        t4=mem[0x800016fb]=0x000000cc
#cache_mem:irh    0x800006f0          line=7,age=0,id=0x100000d,block[1]={0x0062df03,0xfe728fa3,0xffc29f23,0xffd2ae23}
#cache_mem:drh    0x800016fc          line=7,age=0,id=0x100002d,block[0]={0x000000dd,0xccddaacc,0xccddaabb,0xccddaabb}
0x800006f0:lhu    t5,0x006(t0)        t5=mem[0x800016fc]=0x0000aabb
#cache_mem:irh    0x800006f4          line=7,age=0,id=0x100000d,block[1]={0x0062df03,0xfe728fa3,0xffc29f23,0xffd2ae23}
#cache_mem:dwh    0x800016f5          line=7,age=0,id=0x100002d,block[0]={0x000000dd,0xccddbbcc,0xccddaabb,0xccddaabb}
0x800006f4:sb     t2,0xfff(t0)        mem[0x800016f5]=0xbb
#cache_mem:irh    0x800006f8          line=7,age=0,id=0x100000d,block[1]={0x0062df03,0xfe728fa3,0xffc29f23,0xffd2ae23}
#cache_mem:dwh    0x800016f4          line=7,age=0,id=0x100002d,block[0]={0x000000dd,0xccddbbbb,0xccddaabb,0xccddaabb}
0x800006f8:sh     t3,0xffe(t0)        mem[0x800016f4]=0xaabb
#cache_mem:irh    0x800006fc          line=7,age=0,id=0x100000d,block[1]={0x0062df03,0xfe728fa3,0xffc29f23,0xffd2ae23}
#cache_mem:dwh    0x800016f2          line=7,age=0,id=0x100002d,block[0]={0x000000cc,0xccddbbbb,0xccddaabb,0xccddaabb}
0x800006fc:sw     t4,0xffc(t0)        mem[0x800016f2]=0x000000cc
#cache_mem:irh    0x80000700          line=0,age=0,id=0x100000e,block[0]={0x00128293,0xfc629ee3,0x00008067,0x03b102b3}
0x80000700:addi   t0,t0,0x001         t0=0x800016f6+0x00000001=0x800016f7
#cache_mem:irh    0x80000704          line=0,age=0,id=0x100000e,block[0]={0x00128293,0xfc629ee3,0x00008067,0x03b102b3}
0x80000704:bne    t0,t1,0xfee         (0x800016f7!=0x80001866)=1->pc=0x800006e0
#cache_mem:irh    0x800006e0          line=6,age=0,id=0x100000d,block[1]={0x00228383,0x00329e03,0x0042ae03,0x0052ce83}
#cache_mem:drh    0x800016f9          line=7,age=0,id=0x100002d,block[0]={0x000000cc,0xccddbbbb,0xccddaabb,0xccddaabb}
0x800006e0:lb     t2,0x002(t0)        t2=mem[0x800016f9]=0xffffffaa
#cache_mem:irh    0x800006e4          line=6,age=0,id=0x100000d,block[1]={0x00228383,0x00329e03,0x0042ae03,0x0052ce83}
#cache_mem:drh    0x800016fa          line=7,age=0,id=0x100002d,block[0]={0x000000cc,0xccddbbbb,0xccddaabb,0xccddaabb}
0x800006e4:lh     t3,0x003(t0)        t3=mem[0x800016fa]=0xffffccdd
#cache_mem:irh    0x800006e8          line=6,age=0,id=0x100000d,block[1]={0x00228383,0x00329e03,0x0042ae03,0x0052ce83}
#cache_mem:drh    0x800016fb          line=7,age=0,id=0x100002d,block[0]={0x000000cc,0xccddbbbb,0xccddaabb,0xccddaabb}
0x800006e8:lw     t3,0x004(t0)        t3=mem[0x800016fb]=0xccddaabb
#cache_mem:irh    0x800006ec          line=6,age=0,id=0x100000d,block[1]={0x00228383,0x00329e03,0x0042ae03,0x0052ce83}
#cache_mem:drh    0x800016fc          line=7,age=0,id=0x100002d,block[0]={0x000000cc,0xccddbbbb,0xccddaabb,0xccddaabb}
0x800006ec:lbu    t4,0x005(t0)        t4=mem[0x800016fc]=0x000000bb
#cache_mem:irh    0x800006f0          line=7,age=0,id=0x100000d,block[1]={0x0062df03,0xfe728fa3,0xffc29f23,0xffd2ae23}
#cache_mem:drh    0x800016fd          line=7,age=0,id=0x100002d,block[0]={0x000000cc,0xccddbbbb,0xccddaabb,0xccddaabb}
0x800006f0:lhu    t5,0x006(t0)        t5=mem[0x800016fd]=0x0000ddaa
#cache_mem:irh    0x800006f4          line=7,age=0,id=0x100000d,block[1]={0x0062df03,0xfe728fa3,0xffc29f23,0xffd2ae23}
#cache_mem:dwh    0x800016f6          line=7,age=0,id=0x100002d,block[0]={0x000000cc,0xccaabbbb,0xccddaabb,0xccddaabb}
0x800006f4:sb     t2,0xfff(t0)        mem[0x800016f6]=0xaa
#cache_mem:irh    0x800006f8          line=7,age=0,id=0x100000d,block[1]={0x0062df03,0xfe728fa3,0xffc29f23,0xffd2ae23}
#cache_mem:dwh    0x800016f5          line=7,age=0,id=0x100002d,block[0]={0x000000cc,0xccaabbbb,0xccddaabb,0xccddaabb}
0x800006f8:sh     t3,0xffe(t0)        mem[0x800016f5]=0xaabb
#cache_mem:irh    0x800006fc          line=7,age=0,id=0x100000d,block[1]={0x0062df03,0xfe728fa3,0xffc29f23,0xffd2ae23}
#cache_mem:dwh    0x800016f3          line=7,age=0,id=0x100002d,block[0]={0x000000bb,0xccaabbbb,0xccddaabb,0xccddaabb}
0x800006fc:sw     t4,0xffc(t0)        mem[0x800016f3]=0x000000bb
#cache_mem:irh    0x80000700          line=0,age=0,id=0x100000e,block[0]={0x00128293,0xfc629ee3,0x00008067,0x03b102b3}
0x80000700:addi   t0,t0,0x001         t0=0x800016f7+0x00000001=0x800016f8
#cache_mem:irh    0x80000704          line=0,age=0,id=0x100000e,block[0]={0x00128293,0xfc629ee3,0x00008067,0x03b102b3}
0x80000704:bne    t0,t1,0xfee         (0x800016f8!=0x80001866)=1->pc=0x800006e0
#cache_mem:irh    0x800006e0          line=6,age=0,id=0x100000d,block[1]={0x00228383,0x00329e03,0x0042ae03,0x0052ce83}
#cache_mem:drh    0x800016fa          line=7,age=0,id=0x100002d,block[0]={0x000000bb,0xccaabbbb,0xccddaabb,0xccddaabb}
0x800006e0:lb     t2,0x002(t0)        t2=mem[0x800016fa]=0xffffffdd
#cache_mem:irh    0x800006e4          line=6,age=0,id=0x100000d,block[1]={0x00228383,0x00329e03,0x0042ae03,0x0052ce83}
#cache_mem:drh    0x800016fb          line=7,age=0,id=0x100002d,block[0]={0x000000bb,0xccaabbbb,0xccddaabb,0xccddaabb}
0x800006e4:lh     t3,0x003(t0)        t3=mem[0x800016fb]=0x000000cc
#cache_mem:irh    0x800006e8          line=6,age=0,id=0x100000d,block[1]={0x00228383,0x00329e03,0x0042ae03,0x0052ce83}
#cache_mem:drh    0x800016fc          line=7,age=0,id=0x100002d,block[0]={0x000000bb,0xccaabbbb,0xccddaabb,0xccddaabb}
0x800006e8:lw     t3,0x004(t0)        t3=mem[0x800016fc]=0xccddaabb
#cache_mem:irh    0x800006ec          line=6,age=0,id=0x100000d,block[1]={0x00228383,0x00329e03,0x0042ae03,0x0052ce83}
#cache_mem:drh    0x800016fd          line=7,age=0,id=0x100002d,block[0]={0x000000bb,0xccaabbbb,0xccddaabb,0xccddaabb}
0x800006ec:lbu    t4,0x005(t0)        t4=mem[0x800016fd]=0x000000aa
#cache_mem:irh    0x800006f0          line=7,age=0,id=0x100000d,block[1]={0x0062df03,0xfe728fa3,0xffc29f23,0xffd2ae23}
#cache_mem:drh    0x800016fe          line=7,age=0,id=0x100002d,block[0]={0x000000bb,0xccaabbbb,0xccddaabb,0xccddaabb}
0x800006f0:lhu    t5,0x006(t0)        t5=mem[0x800016fe]=0x0000ccdd
#cache_mem:irh    0x800006f4          line=7,age=0,id=0x100000d,block[1]={0x0062df03,0xfe728fa3,0xffc29f23,0xffd2ae23}
#cache_mem:dwh    0x800016f7          line=7,age=0,id=0x100002d,block[0]={0x000000bb,0xddaabbbb,0xccddaabb,0xccddaabb}
0x800006f4:sb     t2,0xfff(t0)        mem[0x800016f7]=0xdd
#cache_mem:irh    0x800006f8          line=7,age=0,id=0x100000d,block[1]={0x0062df03,0xfe728fa3,0xffc29f23,0xffd2ae23}
#cache_mem:dwh    0x800016f6          line=7,age=0,id=0x100002d,block[0]={0x000000bb,0xffbbbbbb,0xccddaabb,0xccddaabb}
0x800006f8:sh     t3,0xffe(t0)        mem[0x800016f6]=0xaabb
#cache_mem:irh    0x800006fc          line=7,age=0,id=0x100000d,block[1]={0x0062df03,0xfe728fa3,0xffc29f23,0xffd2ae23}
#cache_mem:dwh    0x800016f4          line=7,age=0,id=0x100002d,block[0]={0x000000bb,0x000000aa,0xccddaabb,0xccddaabb}
0x800006fc:sw     t4,0xffc(t0)        mem[0x800016f4]=0x000000aa
#cache_mem:irh    0x80000700          line=0,age=0,id=0x100000e,block[0]={0x00128293,0xfc629ee3,0x00008067,0x03b102b3}
0x80000700:addi   t0,t0,0x001         t0=0x800016f8+0x00000001=0x800016f9
#cache_mem:irh    0x80000704          line=0,age=0,id=0x100000e,block[0]={0x00128293,0xfc629ee3,0x00008067,0x03b102b3}
0x80000704:bne    t0,t1,0xfee         (0x800016f9!=0x80001866)=1->pc=0x800006e0
#cache_mem:irh    0x800006e0          line=6,age=0,id=0x100000d,block[1]={0x00228383,0x00329e03,0x0042ae03,0x0052ce83}
#cache_mem:drh    0x800016fb          line=7,age=0,id=0x100002d,block[0]={0x000000bb,0x000000aa,0xccddaabb,0xccddaabb}
0x800006e0:lb     t2,0x002(t0)        t2=mem[0x800016fb]=0xffffffcc
#cache_mem:irh    0x800006e4          line=6,age=0,id=0x100000d,block[1]={0x00228383,0x00329e03,0x0042ae03,0x0052ce83}
#cache_mem:drh    0x800016fc          line=7,age=0,id=0x100002d,block[0]={0x000000bb,0x000000aa,0xccddaabb,0xccddaabb}
0x800006e4:lh     t3,0x003(t0)        t3=mem[0x800016fc]=0xffffaabb
#cache_mem:irh    0x800006e8          line=6,age=0,id=0x100000d,block[1]={0x00228383,0x00329e03,0x0042ae03,0x0052ce83}
#cache_mem:drh    0x800016fd          line=7,age=0,id=0x100002d,block[0]={0x000000bb,0x000000aa,0xccddaabb,0xccddaabb}
0x800006e8:lw     t3,0x004(t0)        t3=mem[0x800016fd]=0xccddaabb
#cache_mem:dstats                     hit=0.9206
#cache_mem:istats                     hit=0.8497
